id,query,domain,label,label_name,n_tokens,source
00f683abaffb,"What is a p-value, and how is it used to make a decision in hypothesis testing?",Introductory Statistics,0,factual,17,dataset_introductory_statistics.json
027bde0c68e2,"In Svetlana’s tutoring equation y = 25 + 15x, what does x represent?",Introductory Statistics,0,factual,12,dataset_introductory_statistics.json
0286951143c2,"According to the Empirical Rule, approximately what percentage of x values lie within two standard deviations of the mean?",Introductory Statistics,0,factual,19,dataset_introductory_statistics.json
03c9ce088d11,What were the mean and standard deviation of heights for 15–18-year-old males from Chile in 2009–2010?,Introductory Statistics,0,factual,20,dataset_introductory_statistics.json
03e333a43201,"What is a negative correlation, and what does it imply about the relationship between x and y?",Introductory Statistics,0,factual,17,dataset_introductory_statistics.json
046344c34982,"In the CPI example, what is the correlation coefficient r?",Introductory Statistics,0,factual,10,dataset_introductory_statistics.json
046a47129aa0,What is a residual (error) in the context of linear regression?,Introductory Statistics,0,factual,11,dataset_introductory_statistics.json
046c50e255de,"In the Facebook usage example, the percentage of users who check Facebook before getting out of bed is normally distributed. Explain how the percentile concept (Chapter 6) and the concept of a regression model (Chapter 12) might together be used to segment users into marketing categories.",Introductory Statistics,1,analytical,46,dataset_introductory_statistics.json
046d8ff8304d,"In the linear regression equation for Svetlana’s tutoring, what is the slope?",Introductory Statistics,0,factual,13,dataset_introductory_statistics.json
05cf559faba5,What does it mean when the z-score of a value x is positive versus negative?,Introductory Statistics,0,factual,16,dataset_introductory_statistics.json
0719ca9b7cd8,What is the TI-83/84 calculator command to find cumulative normal probabilities?,Introductory Statistics,0,factual,13,dataset_introductory_statistics.json
07aeb70230e9,How does a regression line with a positive slope differ from one with a negative slope in terms of real-world interpretation?,Introductory Statistics,1,analytical,22,dataset_introductory_statistics.json
07da5fe835f4,"In a regression context, what does it mean for y values to be “normally distributed about the line”?",Introductory Statistics,0,factual,18,dataset_introductory_statistics.json
0842c0d41e0e,What are the z-scores corresponding to ±2 standard deviations from the mean in a standard normal distribution?,Introductory Statistics,0,factual,18,dataset_introductory_statistics.json
084b7a5ae032,"In regression, the parameter ρ represents the true population correlation, estimated by r from a sample. Drawing on the analogy from Chapter 6 (where μ is estimated by x̄), synthesize the concept of statistical inference: what are the philosophical similarities in estimating population parameters from samples in both chapters?",Introductory Statistics,1,analytical,47,dataset_introductory_statistics.json
0acb94a23579,What is the Greek letter used to denote the population correlation coefficient?,Introductory Statistics,0,factual,12,dataset_introductory_statistics.json
0b452324c684,"How do the concepts of standardization (z-scores, Chapter 6) and normalization (regression coefficients, Chapter 12) both serve the goal of making data from different scales comparable? Give an example from the textbook where this comparability is crucial.",Introductory Statistics,1,analytical,38,dataset_introductory_statistics.json
0b69530809a4,What is the TI-83/84 calculator command to find a value at a given percentile?,Introductory Statistics,0,factual,16,dataset_introductory_statistics.json
0c42ee77765e,Compare the meaning of the y-intercept in the regression of fly ball distances (theoretical) to the regression of SCUBA diving depths and times (practical). When does the y-intercept have real-world meaning?,Introductory Statistics,1,analytical,34,dataset_introductory_statistics.json
0c79fe47d3a8,Compare the probabilities calculated using the theoretical normal distribution to those calculated from cumulative relative frequencies in the checkout line example. Why are they not exactly equal?,Introductory Statistics,1,analytical,27,dataset_introductory_statistics.json
0cbcfb5fe58d,Compare the IQR calculated from the theoretical normal distribution vs. the IQR calculated empirically from sample data. Why might these differ?,Introductory Statistics,1,analytical,21,dataset_introductory_statistics.json
0ce644d86790,"What is the invNorm function on a calculator, and when is it used?",Introductory Statistics,0,factual,13,dataset_introductory_statistics.json
0cfe8e052fca,Compare the concept of a “best-fit line” in the context of regression to the concept of the “mean” in descriptive statistics. In what sense are both measures of “center”?,Introductory Statistics,1,analytical,30,dataset_introductory_statistics.json
0fc771c7799b,"In the third exam/final exam example with the outlier removed, what is the new correlation coefficient r?",Introductory Statistics,0,factual,18,dataset_introductory_statistics.json
0fde7053c62e,Compare the regression equation ŷ = –173.51 + 4.83x (with outlier) and ŷ = –355.19 + 7.39x (without outlier). What dramatic change occurred in both the slope and intercept?,Introductory Statistics,1,analytical,27,dataset_introductory_statistics.json
109ec52bcf81,What is the standard deviation of the standard normal distribution?,Introductory Statistics,0,factual,10,dataset_introductory_statistics.json
10f276a3d9aa,"How do the concepts of “standard deviation of the distribution” (Chapter 6) and “standard deviation of the residuals” (Chapter 12) both represent variability, and how does minimizing the latter through the SSE criterion connect to the broader statistical goal of reducing uncertainty?",Introductory Statistics,1,analytical,42,dataset_introductory_statistics.json
110179194abf,"How does the concept of “standard error” (used implicitly in the regression significance test, Chapter 12) connect to the concept of “standard deviation” in the normal distribution (Chapter 6)? What is the underlying role of both in quantifying uncertainty?",Introductory Statistics,1,analytical,39,dataset_introductory_statistics.json
11e325e107c5,What are the similarities and differences between the p-value method and the critical value method for testing significance of r?,Introductory Statistics,1,analytical,21,dataset_introductory_statistics.json
1264ebbed27b,How does the regression assumption that “y values are normally distributed about the line” (Chapter 12) directly connect to the properties of the normal distribution studied in Chapter 6? What would a violin plot of the y values at each x value look like if this assumption holds?,Introductory Statistics,1,analytical,48,dataset_introductory_statistics.json
12ed79271eb2,"How does the coefficient of determination r² = 0.44 in the third exam/final exam example connect to the normal distribution concept of explaining variation? What does it mean that 56% of the variation in final exam scores is “unexplained,” and how does this relate to the spread of the normal distribution of scores?",Introductory Statistics,1,analytical,54,dataset_introductory_statistics.json
13eac6791346,What is the independent variable in a regression model?,Introductory Statistics,0,factual,9,dataset_introductory_statistics.json
141600b2295f,What does it mean for a correlation coefficient to be “not significant”?,Introductory Statistics,0,factual,12,dataset_introductory_statistics.json
143b71d226a6,How does the least-squares regression line for the CPI data (r = 0.8694) compare in predictive quality to the third exam/final exam line (r = 0.6631)?,Introductory Statistics,1,analytical,28,dataset_introductory_statistics.json
15743fd00656,What is the difference between a sample correlation coefficient r and a population correlation coefficient ρ?,Introductory Statistics,0,factual,15,dataset_introductory_statistics.json
15d8c6db5123,"In the 2012 SAT verbal section, what was the standard deviation σ?",Introductory Statistics,0,factual,11,dataset_introductory_statistics.json
16a0fe1e3ecb,"What is “regression to the mean,” and what concept in this chapter is related to it?",Introductory Statistics,0,factual,16,dataset_introductory_statistics.json
16ab61e00c63,"A medical researcher wants to predict systolic blood pressure (normally distributed with μ = 125, σ = 14) from body mass index (BMI). Integrate the z-score framework from Chapter 6 with the regression framework from Chapter 12 to describe the full statistical approach, including hypothesis testing.",Introductory Statistics,1,analytical,43,dataset_introductory_statistics.json
16e8b522d9a2,"Using the Facebook usage and smartphone user age distributions from Chapter 6, along with regression concepts from Chapter 12, design a hypothetical study that predicts social media usage frequency from age. What statistical methods from both chapters would you apply?",Introductory Statistics,1,analytical,40,dataset_introductory_statistics.json
16eeec82ce0f,"How do the five regression assumptions (linearity, independence, normality, equal variance, random sample) connect to properties of the normal distribution (Chapter 6)? Specifically, explain how violating each assumption would distort the normal distribution of residuals.",Introductory Statistics,1,analytical,35,dataset_introductory_statistics.json
171b2b348ff8,Compare the coefficient of determination for the CPI data (r² ≈ 0.756) to that of the third exam/final exam data (r² ≈ 0.44). What does each value tell us about the fit of the model?,Introductory Statistics,1,analytical,36,dataset_introductory_statistics.json
17cedd04d142,What is the formula for calculating a z-score from a value x in a normal distribution with mean μ and standard deviation σ?,Introductory Statistics,0,factual,22,dataset_introductory_statistics.json
18a7e411f4cb,"If X ~ N(5, 6) and x = 1, what is the z-score (rounded to two decimal places)?",Introductory Statistics,0,factual,18,dataset_introductory_statistics.json
18e33ced140e,"In the checkout line wait time example (Thuy Dau et al.), what was the sample mean calculated?",Introductory Statistics,0,factual,17,dataset_introductory_statistics.json
1d0de5b78bc9,"In a normal distribution with mean 63 and standard deviation 5, what is the probability that a randomly selected value is greater than 65?",Introductory Statistics,0,factual,24,dataset_introductory_statistics.json
1d59a69e317c,What is the 95th percentile of the Facebook usage distribution with mean 28 and standard deviation 5?,Introductory Statistics,0,factual,17,dataset_introductory_statistics.json
1e2c163a7f25,What is the standard deviation s of the residuals in the third exam/final exam example (before removing the outlier)?,Introductory Statistics,0,factual,20,dataset_introductory_statistics.json
1f32cf0dd148,"How do the real-world examples from Chapter 12 (CPI, life expectancy, gold medals, sparrow hawks) and the real-world examples from Chapter 6 (heights, IQ, blood pressure, shoe sizes) together illustrate the ubiquity of statistical modeling in diverse fields? Synthesize these examples to argue for statistical literacy as an essential skill in modern society.",Introductory Statistics,1,analytical,55,dataset_introductory_statistics.json
1fd464e85ca2,"The textbook uses both graphical (scatter plot) and numerical (r value) methods to assess linear relationships. How do these two approaches complement each other, and how does the normal distribution underlie the theoretical framework that makes r’s significance test valid?",Introductory Statistics,1,analytical,41,dataset_introductory_statistics.json
20435ac5000d,"According to the Empirical Rule, approximately what percentage of x values lie within three standard deviations of the mean?",Introductory Statistics,0,factual,19,dataset_introductory_statistics.json
2061152fcbb6,"Synthesize the empirical rule (Chapter 6) and the standard error of regression (Chapter 12) to explain why, in both contexts, data points that are more than two standard deviations away from the center (mean or regression line) deserve special scrutiny.",Introductory Statistics,1,analytical,40,dataset_introductory_statistics.json
20d6b821e1fd,"In the third exam/final exam example, what is the value of the correlation coefficient r?",Introductory Statistics,0,factual,16,dataset_introductory_statistics.json
214604511be1,"Consider a study predicting student performance (normally distributed) from hours of study. Integrate the z-score framework for individual predictions (Chapter 6) with the regression framework for group-level predictions (Chapter 12), explaining when each approach is most appropriate.",Introductory Statistics,1,analytical,39,dataset_introductory_statistics.json
225d391fed6a,"Synthesize the concept of the normal distribution’s bell curve (Chapter 6) with the distribution of points around the regression line (Chapter 12) to explain why both statistical tools, despite appearing different, are built on the same mathematical foundation of normally distributed errors.",Introductory Statistics,1,analytical,43,dataset_introductory_statistics.json
23ea6f44b39f,What is the relationship between the sign of the slope b and the sign of the correlation coefficient r?,Introductory Statistics,0,factual,19,dataset_introductory_statistics.json
248436e79d35,"What is 1 – r², and what does it represent?",Introductory Statistics,0,factual,9,dataset_introductory_statistics.json
249fe45a2dad,Define a normal probability distribution in plain terms for a non-statistician.,Introductory Statistics,0,factual,12,dataset_introductory_statistics.json
24d65ef0321f,What formula is used to find the kth percentile of X when the z-score is known?,Introductory Statistics,0,factual,17,dataset_introductory_statistics.json
25007c072459,A criminologist studies the relationship between population size and homicide rates in Detroit (Chapter 12). The residuals of the regression may or may not be normally distributed (Chapter 6). Synthesize both concepts to explain how the criminologist would fully validate their model before drawing policy conclusions.,Introductory Statistics,1,analytical,46,dataset_introductory_statistics.json
25cbf540a5af,What is meant by “equal variance” in the regression assumptions?,Introductory Statistics,0,factual,10,dataset_introductory_statistics.json
275092e24df7,"Consider the relationship between coffee consumption and heart disease. The data from Chapter 12 shows a negative correlation. Using the normal distribution framework (Chapter 6), explain how you would calculate the probability that a country with coffee consumption of 5 liters/year has a heart disease death rate below 150 per 100,000, integrating both regression prediction and normal probability calculation.",Introductory Statistics,1,analytical,61,dataset_introductory_statistics.json
2891f159bb66,What are the z-scores corresponding to ±1 standard deviation from the mean in a standard normal distribution?,Introductory Statistics,0,factual,18,dataset_introductory_statistics.json
2944c3487104,How do the concepts of the coefficient of determination r² and the area under the normal distribution curve both express “proportion of something explained”? Develop an analogy that connects these two ideas.,Introductory Statistics,1,analytical,32,dataset_introductory_statistics.json
29c1e14876fc,"For the IQR of smartphone user ages (mean 36.9, sd 13.9), what is Q3?",Introductory Statistics,0,factual,16,dataset_introductory_statistics.json
2a3e06ca8e94,"In Chapter 12, how many degrees of freedom are used in the t-test for the correlation coefficient with n data points?",Introductory Statistics,0,factual,22,dataset_introductory_statistics.json
2a4ae95f5536,"In the third exam/final exam example, what is the coefficient of determination r²?",Introductory Statistics,0,factual,14,dataset_introductory_statistics.json
2d5c91a63a6a,Define the slope b in the context of a linear regression equation.,Introductory Statistics,0,factual,12,dataset_introductory_statistics.json
33b46836f0ac,What is the formula for the standard deviation of the residuals s in terms of SSE and n?,Introductory Statistics,0,factual,18,dataset_introductory_statistics.json
34096c14cabf,"In the Alaska/Hawaii outlier analysis (problem 85, Chapter 12), explain how geographic and historical context, combined with statistical outlier detection and regression analysis, demonstrates the importance of integrating domain knowledge with quantitative methods.",Introductory Statistics,1,analytical,34,dataset_introductory_statistics.json
34664e0570b9,Compare using the Empirical Rule approximation to using the exact normal distribution formula (normalcdf). When would you prefer each approach?,Introductory Statistics,1,analytical,20,dataset_introductory_statistics.json
3529ddb5872c,"Synthesize the entire analytical workflow from both chapters: starting from a real-world dataset, explain the sequential steps a statistician would take — checking normality (Chapter 6), fitting a regression line (Chapter 12), testing significance, making predictions, checking for outliers, and drawing conclusions — into a unified statistical methodology.",Introductory Statistics,1,analytical,47,dataset_introductory_statistics.json
35b6fc3689a6,What is the difference between bivariate data and multivariate data? Give examples from the textbook for each.,Introductory Statistics,1,analytical,17,dataset_introductory_statistics.json
363d6ce09340,What are the assumptions required for testing the significance of the correlation coefficient?,Introductory Statistics,0,factual,13,dataset_introductory_statistics.json
3659486b6e7e,What does it mean for a correlation coefficient to be “significant”?,Introductory Statistics,0,factual,11,dataset_introductory_statistics.json
37133228a07f,How does the standard deviation σ serve different roles in the normal distribution formula compared to the standard deviation of residuals s in the regression model?,Introductory Statistics,1,analytical,25,dataset_introductory_statistics.json
376d99ae3ab6,"For Facebook usage (mean 28%, sd 5%), what is the probability that the usage is at least 30%?",Introductory Statistics,0,factual,18,dataset_introductory_statistics.json
381dd09289eb,"In the coin flip example (n=100, p=0.20), what are the mean and standard deviation of the number of heads?",Introductory Statistics,0,factual,22,dataset_introductory_statistics.json
3a268adadf5e,"What is the coefficient of correlation, and who developed it?",Introductory Statistics,0,factual,10,dataset_introductory_statistics.json
3b15ec9bbacd,"How does the formula b = r(sy/sx) for the regression slope synthesize concepts from both correlation (r) and descriptive statistics (sy, sx)? What does this formula reveal about the relationship between the spread of x and y and the steepness of the regression line?",Introductory Statistics,1,analytical,45,dataset_introductory_statistics.json
3bdcdd2a8335,"In the pregnancy length example, what is the mean number of days and standard deviation?",Introductory Statistics,0,factual,15,dataset_introductory_statistics.json
3c6592fbd73d,"In the textbook’s Pinkie Length lab (Chapter 6) and the Regression labs (Chapter 12), both involve collecting data and fitting distributions. Compare and synthesize these two activities in terms of what statistical questions they answer and what assumptions they require.",Introductory Statistics,1,analytical,41,dataset_introductory_statistics.json
3c72506362aa,How does the coefficient of determination r² connect to the concept of “signal vs. noise” in data? Use the normal distribution (Chapter 6) to characterize the “noise” (unexplained variation) and regression (Chapter 12) to characterize the “signal” (explained variation). Synthesize these ideas to explain how scientists extract meaningful patterns from noisy data.,Introductory Statistics,1,analytical,52,dataset_introductory_statistics.json
3d19b0e44290,Synthesize the concepts of probability statements in the normal distribution (Chapter 6) with the prediction interval in regression (Chapter 12) to explain how a researcher can not only predict a value but also quantify confidence in that prediction.,Introductory Statistics,1,analytical,38,dataset_introductory_statistics.json
3d1fa59f72b2,"Synthesize all the major formulas from both chapters — the z-score formula, the normal distribution function, the regression equation ŷ = a + bx, the correlation formula, the SSE, and the t-test for ρ — into a unified narrative that explains how statistics moves from raw data to meaningful conclusions.",Introductory Statistics,1,analytical,46,dataset_introductory_statistics.json
3d4813c8a2fb,Compare the Empirical Rule as applied to a distribution of exam scores versus a distribution of heights. How does the practical interpretation change even though the statistical rule is the same?,Introductory Statistics,1,analytical,31,dataset_introductory_statistics.json
3d5f0cee9719,"What is a stratified sampling method, and where is it used in the lab activity in Chapter 6?",Introductory Statistics,0,factual,18,dataset_introductory_statistics.json
3e1b674fae25,How does the mean differ from the median in a perfectly symmetric normal distribution? What about in a skewed distribution?,Introductory Statistics,1,analytical,20,dataset_introductory_statistics.json
407bd4ab68f3,What were the two variables used in the third exam/final exam example?,Introductory Statistics,0,factual,13,dataset_introductory_statistics.json
42c05c3e66f1,"How do the concepts of “variation explained” (r², Chapter 12) and “probability of an outcome” (area under the curve, Chapter 6) both serve the goal of quantifying uncertainty in statistical models? Develop a synthesis that explains uncertainty quantification as a central theme in both chapters.",Introductory Statistics,1,analytical,45,dataset_introductory_statistics.json
43506e2a986a,"What is the LinRegTTest on the TI-83/84 calculator, and what output does it provide?",Introductory Statistics,0,factual,16,dataset_introductory_statistics.json
437293d6ed49,What is the Sum of Squared Errors (SSE) minimized to achieve in linear regression?,Introductory Statistics,0,factual,14,dataset_introductory_statistics.json
47dd4d953df6,"What is the y-intercept in a linear regression equation, and how is it interpreted?",Introductory Statistics,0,factual,15,dataset_introductory_statistics.json
47f2543e4d6f,"The SAT and ACT are different tests with different scales. Using the concepts of z-scores (Chapter 6) and linear regression (Chapter 12), explain how a university admissions office could develop a unified model to predict college GPA from either test score.",Introductory Statistics,1,analytical,42,dataset_introductory_statistics.json
491ae5555d1d,How does the concept of “area under the curve” in the normal distribution (Chapter 6) relate to the concept of “variation explained” by the regression line (Chapter 12)? Develop a conceptual bridge between these two ideas.,Introductory Statistics,1,analytical,36,dataset_introductory_statistics.json
4ade27609c90,How does the meaning of “r is not significant” (insufficient evidence) differ from “r = 0” (no correlation)? Are they the same conclusion?,Introductory Statistics,1,analytical,22,dataset_introductory_statistics.json
4b2c1726cd8a,"What is the difference between interpolation and extrapolation in regression prediction, and which is considered more reliable?",Introductory Statistics,1,analytical,17,dataset_introductory_statistics.json
4b5207e1ac84,How does the t-test statistic formula t = r√(n–2)/√(1–r²) from Chapter 12 encode information from both correlation (r) and sample size (n) to produce a probability (p-value) from the t-distribution? How does this connect to the normal distribution (Chapter 6)?,Introductory Statistics,1,analytical,46,dataset_introductory_statistics.json
4c8532f5777e,What is the formula for the test statistic t used in testing significance of the correlation coefficient?,Introductory Statistics,0,factual,17,dataset_introductory_statistics.json
4cbbd5048eda,What does it mean for a normal distribution to be “symmetric”?,Introductory Statistics,0,factual,11,dataset_introductory_statistics.json
4cf6358eabfa,How does the 68-95-99.7 rule (Chapter 6) and the concept of outliers identified by residuals > 2s (Chapter 12) reflect the same underlying principle about what constitutes “unusual” in statistics? Develop a unified conceptual framework for “statistical unusualness” that applies to both chapters.,Introductory Statistics,1,analytical,45,dataset_introductory_statistics.json
4d825d9d3bab,What is a “line of best fit” and why is it called the “best”?,Introductory Statistics,0,factual,14,dataset_introductory_statistics.json
4e4500739d77,What is the probability density function of a normal distribution?,Introductory Statistics,0,factual,10,dataset_introductory_statistics.json
4e6586d1d3b8,Compare the use of a scatter plot versus the correlation coefficient r for assessing the linear relationship between two variables. What can each tell you that the other cannot?,Introductory Statistics,1,analytical,29,dataset_introductory_statistics.json
50153f00b4a8,"Compare the SAT score of 700 (μ=514, σ=117) to the ACT score of 30 (μ=21, σ=5.3) using z-scores. Who performed better relative to their test?",Introductory Statistics,1,analytical,27,dataset_introductory_statistics.json
50695f1cd1ba,"For the Sports Stadiums data in Chapter 6, what was the sample mean maximum capacity?",Introductory Statistics,0,factual,15,dataset_introductory_statistics.json
51682ec2f3ea,How does the principle of minimizing SSE in regression (Chapter 12) parallel the principle of using the mean to minimize the sum of squared deviations in descriptive statistics? What deeper statistical principle do both reflect?,Introductory Statistics,1,analytical,35,dataset_introductory_statistics.json
51c53a232652,Compare the slope of the CPI regression line (b = 1.662) to the slope of the third exam/final exam line (b = 4.83). What are the different real-world meanings of these slopes?,Introductory Statistics,1,analytical,34,dataset_introductory_statistics.json
53013c3746ab,How do the normal distribution’s role in characterizing individual measurements and regression’s role in characterizing relationships between measurements complement each other in the design of scientific studies? Use examples from both chapters to argue that a complete statistical analysis requires both distributional and relational modeling.,Introductory Statistics,1,analytical,47,dataset_introductory_statistics.json
5311e195314c,"A pollster conducts a survey on voter preferences. The results follow a normal distribution. Using concepts from both Chapter 6 (probabilities, percentiles) and Chapter 12 (predicting outcomes based on demographic variables), explain how a complete statistical analysis could predict election outcomes.",Introductory Statistics,1,analytical,41,dataset_introductory_statistics.json
55599b0e330c,Compare the regression results for coffee consumption vs. heart disease across 10 countries (Chapter 12) with the regression for weight vs. fuel efficiency. In what ways are these two analyses structurally similar despite having different variables?,Introductory Statistics,1,analytical,36,dataset_introductory_statistics.json
55a46d307cb5,Compare the sample correlation coefficient r as an estimate of ρ with other sample statistics (like x̄ estimating μ). What are the limitations of using a sample to estimate a population parameter?,Introductory Statistics,1,analytical,30,dataset_introductory_statistics.json
55b3252226e8,"What does it mean when we say the best-fit line “passes through the point (x̄, ȳ)”?",Introductory Statistics,0,factual,16,dataset_introductory_statistics.json
574aae49698f,What are the null and alternative hypotheses for testing the significance of the correlation coefficient?,Introductory Statistics,0,factual,15,dataset_introductory_statistics.json
57a9ea1ec5d7,What does r = –1 indicate about the linear relationship between two variables?,Introductory Statistics,0,factual,12,dataset_introductory_statistics.json
58b850f2d022,What is the cumulative distribution function P(X < x) and how is it interpreted?,Introductory Statistics,0,factual,14,dataset_introductory_statistics.json
5afd37284641,"A student scores 73 on the third exam. Using the regression equation from Chapter 12 and the concept of prediction from Chapter 6, explain the full process of predicting their final exam score and quantifying the uncertainty in that prediction.",Introductory Statistics,1,analytical,40,dataset_introductory_statistics.json
5b0cc78bc382,"What is a “95% Critical Value” table for r, and how is it used to determine significance?",Introductory Statistics,0,factual,17,dataset_introductory_statistics.json
5b4db4aba491,"How does the z-score for x = 17 in X ~ N(5, 6) compare to the z-score for y = 4 in Y ~ N(2, 1)? What does this tell us about standardization?",Introductory Statistics,1,analytical,33,dataset_introductory_statistics.json
5c9c29dcfc78,"In the Consumer Price Index (CPI) regression example, what is the equation of the best-fit line?",Introductory Statistics,0,factual,17,dataset_introductory_statistics.json
5ce93db0eee1,"Compare the regression analysis of the mandarin orange data to the regression of the sports stadium data. In both cases, how does the distribution of the data affect the reliability of predictions?",Introductory Statistics,1,analytical,32,dataset_introductory_statistics.json
5de48c8a225f,Define a percentile in the context of a normal distribution.,Introductory Statistics,0,factual,10,dataset_introductory_statistics.json
5e48632d9533,Consider the gender height data example (Chapter 6) and the weight-to-height regression for children (Chapter 12). Synthesize these two approaches to explain how a pediatrician could use both normal distribution percentiles AND a regression model to comprehensively assess a child’s growth.,Introductory Statistics,1,analytical,44,dataset_introductory_statistics.json
5e882ae4044c,"How does the use of the normal distribution to approximate the binomial (as in the coin flip and NUMMI examples, Chapter 6) relate to the Central Limit Theorem, and how does the Central Limit Theorem also justify the normality assumption in regression (Chapter 12)?",Introductory Statistics,1,analytical,44,dataset_introductory_statistics.json
5f085dd76790,"In the normal distribution context, compare finding a probability P(X < x) to finding a percentile (given a probability, find x). How do these two types of problems differ in their computational approach?",Introductory Statistics,1,analytical,33,dataset_introductory_statistics.json
60270437bdad,What is the IQR (Interquartile Range) and how is it calculated?,Introductory Statistics,0,factual,11,dataset_introductory_statistics.json
602f04fc9b04,What is the significance level α = 0.05 and what decision rule does it create in hypothesis testing?,Introductory Statistics,0,factual,17,dataset_introductory_statistics.json
60764c0697e2,"Compare and contrast the practical usefulness of a high r value (e.g., 0.95) in a small dataset (n=5) versus a moderate r value (e.g., 0.50) in a large dataset (n=100).",Introductory Statistics,1,analytical,36,dataset_introductory_statistics.json
6165163c1a51,How do the skills of reading a scatter plot (Chapter 12) and reading a normal distribution curve (Chapter 6) together constitute the foundational visual literacy needed for data analysis? Synthesize these skills and explain what visual patterns each plot type can reveal that the other cannot.,Introductory Statistics,1,analytical,46,dataset_introductory_statistics.json
618b1e27b031,What percent of variation in the final exam grade is explained by the third exam score using the regression line?,Introductory Statistics,0,factual,20,dataset_introductory_statistics.json
6235a38135fd,"What is multivariate data, and how does it differ from bivariate data?",Introductory Statistics,0,factual,12,dataset_introductory_statistics.json
6242c2a6aa5a,"A student athlete tracks her jump shot practice and points scored (Chapter 12 scatter plot example). Integrating the concepts of normal distribution (her scores might be normally distributed, Chapter 6) and regression (predicting scores from practice hours, Chapter 12), design a statistically complete training optimization plan.",Introductory Statistics,1,analytical,46,dataset_introductory_statistics.json
62d9e94093da,"In educational assessment, both z-scores (for individual performance, Chapter 6) and regression (for predicting future performance from past performance, Chapter 12) are used. Synthesize these tools to design a comprehensive early-warning system for students at academic risk, integrating both individual-level and group-level statistical analysis.",Introductory Statistics,1,analytical,48,dataset_introductory_statistics.json
63ebee238ed7,What is the 70th percentile of the final exam score distribution with mean 63 and standard deviation 5?,Introductory Statistics,0,factual,18,dataset_introductory_statistics.json
641ded029b2b,"For the CD player lifetime example, what is the standard deviation?",Introductory Statistics,0,factual,11,dataset_introductory_statistics.json
64a6e88c44a3,"In the NUMMI assembly line example, what was the mean number of defective cars per sample of n=100?",Introductory Statistics,0,factual,19,dataset_introductory_statistics.json
65c14833f733,What is the difference between σ (sigma) and s in the context of normal distributions and regression?,Introductory Statistics,0,factual,16,dataset_introductory_statistics.json
66607a7fa263,"In the scratch-off lottery ticket example, what is the probability that a ticket wins?",Introductory Statistics,0,factual,15,dataset_introductory_statistics.json
68ca29f9b404,"What is a linear equation in the statistical context, and how is it written?",Introductory Statistics,0,factual,14,dataset_introductory_statistics.json
695a11d84d48,What does the phrase “correlation does not imply causation” mean?,Introductory Statistics,0,factual,10,dataset_introductory_statistics.json
695aa2577f69,Compare the null hypothesis (H₀: ρ = 0) and the alternative hypothesis (Hₐ: ρ ≠ 0) in words about what each claims about the population.,Introductory Statistics,1,analytical,21,dataset_introductory_statistics.json
695ca2ae7dcc,How do the slope and y-intercept of a regression line differ in their interpretations?,Introductory Statistics,1,analytical,15,dataset_introductory_statistics.json
697a25dff9f4,"Consider the textbook’s entire discussion of the normal distribution (Chapter 6) and linear regression (Chapter 12) as two pillars of introductory statistics. Synthesize the key insights, methods, assumptions, and limitations of both to argue that together they provide a foundational toolkit for data-driven decision-making in any professional field.",Introductory Statistics,1,analytical,51,dataset_introductory_statistics.json
69f5805c2e37,How does the 25th percentile (Q1) compare to the 75th percentile (Q3) in a symmetric normal distribution? What is their relationship to the mean?,Introductory Statistics,1,analytical,24,dataset_introductory_statistics.json
6a58e079d060,Compare the regression equation and the scatter plot as tools for predicting y from x. When is each most useful?,Introductory Statistics,1,analytical,20,dataset_introductory_statistics.json
6b3b0bc9ccd3,"In the Aaron’s Word Processing Service example, what is the y-intercept of the cost equation?",Introductory Statistics,0,factual,17,dataset_introductory_statistics.json
6b818a58f1d7,Compare the effect of a large sample size vs. a small sample size on the reliability of using the correlation coefficient r for prediction.,Introductory Statistics,1,analytical,24,dataset_introductory_statistics.json
6cbd6b07b1b7,"What is a scatter plot, and what information does it convey?",Introductory Statistics,0,factual,11,dataset_introductory_statistics.json
6d11aa3ed76f,"How does the interplay between the sample size n, the correlation r, and the significance level α in hypothesis testing for regression (Chapter 12) illustrate the fundamental statistical trade-off between Type I and Type II errors? Connect this trade-off to the concept of probability under the normal curve (Chapter 6).",Introductory Statistics,1,analytical,51,dataset_introductory_statistics.json
6d5e320bbafb,"In the unemployment wait time (mean 3, sd 1.5), what is the probability of less than one hour unsupervised?",Introductory Statistics,0,factual,20,dataset_introductory_statistics.json
709045e35ce5,Compare the use of LinRegTTest and the critical values table as two methods for testing significance of r. Under what circumstances might one be preferred over the other?,Introductory Statistics,1,analytical,28,dataset_introductory_statistics.json
70e0d9199ce2,"Using the concept of interpolation vs. extrapolation from Chapter 12 and the concept of the domain of a distribution from Chapter 6, explain why predictions outside the observed range of x values are unreliable even when r is significant.",Introductory Statistics,1,analytical,39,dataset_introductory_statistics.json
71a966e8c050,"In the regression of CPI over time, the textbook notes that although r is significant, a curve would be a better model. Using knowledge of both the normal distribution and regression concepts, explain what statistical signals suggest this, and what might happen to residuals if we force a linear model.",Introductory Statistics,1,analytical,50,dataset_introductory_statistics.json
721390265d67,How does the meaning of the correlation coefficient r differ between r = 0.5 and r = –0.5? Are they equally strong? In what way do they differ?,Introductory Statistics,1,analytical,28,dataset_introductory_statistics.json
72c580d87276,"Compare what it means when the sign of r is positive vs. when it is negative in the context of physical measurements (e.g., height vs. weight, or car weight vs. fuel efficiency).",Introductory Statistics,1,analytical,33,dataset_introductory_statistics.json
7547b3268d11,Compare P(X < x) and P(X ≤ x) for a continuous distribution. Are they the same or different? Why?,Introductory Statistics,1,analytical,19,dataset_introductory_statistics.json
76374e492ff5,"How does the concept of the “best-fit line” that minimizes SSE (Chapter 12) relate philosophically to the concept of the “most efficient estimator” in classical statistics, and how does the normal distribution (Chapter 6) provide the theoretical justification for why minimizing SSE is optimal?",Introductory Statistics,1,analytical,45,dataset_introductory_statistics.json
769f384c1648,Compare the coefficient of determination r² = 0.44 versus r² = 0.91. What do these percentages mean about the explanatory power of the models?,Introductory Statistics,1,analytical,24,dataset_introductory_statistics.json
76adfc00b51c,"According to the Empirical Rule, approximately what percentage of x values lie within one standard deviation of the mean in a normal distribution?",Introductory Statistics,0,factual,23,dataset_introductory_statistics.json
76ae8814e57f,What is the null hypothesis H₀ in a test of significance for the correlation coefficient?,Introductory Statistics,0,factual,15,dataset_introductory_statistics.json
76c14ed0fd18,"What is a continuous random variable, and how does the normal distribution fit this definition?",Introductory Statistics,0,factual,15,dataset_introductory_statistics.json
78b0afcb3c95,"What is the area under the entire normal distribution curve, and what does it represent?",Introductory Statistics,0,factual,15,dataset_introductory_statistics.json
7959c09501b2,"How do both chapters use the concept of “degrees of freedom” to adjust for sample size when estimating population parameters? Specifically, connect the formula s = √(SSE/(n–2)) in regression (Chapter 12) to the broader concept of unbiased estimation that also appears in the standard deviation formula s = √(Σ(x–x̄)²/(n–1)) from descriptive statistics.",Introductory Statistics,1,analytical,56,dataset_introductory_statistics.json
79d9aeb2f7a9,Compare the area to the left of a value x [P(X < x)] with the area to the right [P(X > x)] in a normal distribution. What is their relationship?,Introductory Statistics,1,analytical,30,dataset_introductory_statistics.json
79f4f2f3bb81,Synthesize the entire intellectual arc of the two chapters: from the normal distribution as a model for naturally occurring phenomena (Chapter 6) to regression as a tool for modeling relationships between variables (Chapter 12). How do these two ideas together form a coherent statistical framework for understanding the world through data?,Introductory Statistics,1,analytical,51,dataset_introductory_statistics.json
7a114036ade6,"For the IQ distribution, what are the mean and standard deviation given in the textbook?",Introductory Statistics,0,factual,15,dataset_introductory_statistics.json
7ae39ba69ef5,Define the concept of “variation” in the context of the coefficient of determination r².,Introductory Statistics,0,factual,14,dataset_introductory_statistics.json
7b7fc405c519,How does the variability around the regression line (measured by s) compare to the overall variability in y (measured by sy)? What does a small s relative to sy tell us?,Introductory Statistics,1,analytical,31,dataset_introductory_statistics.json
7c68a2fe174b,"In the CPI example, what is the estimated CPI for 1990?",Introductory Statistics,0,factual,11,dataset_introductory_statistics.json
7cd9949bdfdc,What is the coefficient of determination r²?,Introductory Statistics,0,factual,7,dataset_introductory_statistics.json
7d1e717b6c45,What is the normal approximation and when is it considered appropriate to use?,Introductory Statistics,0,factual,13,dataset_introductory_statistics.json
7d37c2488302,"In the NUMMI example, what is the standard deviation of defective cars per 100?",Introductory Statistics,0,factual,14,dataset_introductory_statistics.json
7d7807e52142,Compare the visual appearance of a scatter plot with a strong positive correlation vs. one with zero correlation. How do the points differ?,Introductory Statistics,1,analytical,23,dataset_introductory_statistics.json
7e22011647ac,What is meant by the “domain of observed x values” in regression prediction?,Introductory Statistics,0,factual,13,dataset_introductory_statistics.json
805700a49ecb,What does r = 1 indicate about the linear relationship between two variables?,Introductory Statistics,0,factual,12,dataset_introductory_statistics.json
811a9080589b,What is an outlier in the context of regression analysis?,Introductory Statistics,0,factual,10,dataset_introductory_statistics.json
811baf6f1d74,How does the least-squares regression line change when an outlier is removed? Compare the r values before and after removal in the third exam/final exam example.,Introductory Statistics,1,analytical,28,dataset_introductory_statistics.json
814382abaf88,What is the 90th percentile of the final exam score distribution with mean 63 and standard deviation 5?,Introductory Statistics,0,factual,18,dataset_introductory_statistics.json
81ab5b32eef4,What is bivariate data?,Introductory Statistics,0,factual,4,dataset_introductory_statistics.json
81dac13eeadf,What is the Sum of Squared Errors (SSE) in linear regression?,Introductory Statistics,0,factual,11,dataset_introductory_statistics.json
81e6cb66b5c3,"What is the formula for the slope b of the least-squares regression line in terms of correlation coefficient r, sy, and sx?",Introductory Statistics,0,factual,23,dataset_introductory_statistics.json
829500498028,"How does understanding the Empirical Rule (Chapter 6) help a researcher interpret the residuals of a regression model (Chapter 12)? Specifically, what percentage of residuals would you expect to fall within ±2s of the regression line?",Introductory Statistics,1,analytical,36,dataset_introductory_statistics.json
833204f45c61,"A nutritionist analyzes the relationship between caloric intake and body weight. Caloric intake is approximately normally distributed (Chapter 6), and regression is used to predict weight from intake (Chapter 12). Synthesize both frameworks to explain: what the slope means, how to test if the relationship is real, and how to predict the weight of a person at the 90th percentile of caloric intake.",Introductory Statistics,1,analytical,63,dataset_introductory_statistics.json
83c6b56d04a0,What is interpolation in the context of linear regression prediction?,Introductory Statistics,0,factual,10,dataset_introductory_statistics.json
83d5f3589430,What is the Least Squares Criterion in linear regression?,Introductory Statistics,0,factual,9,dataset_introductory_statistics.json
8440c432ba57,"What is the 90th percentile, and what does it mean in terms of data distribution?",Introductory Statistics,0,factual,15,dataset_introductory_statistics.json
8607487ed831,How do the concepts of “sample size n” from both chapters (affecting z-scores in Chapter 6 and the significance of r in Chapter 12) work together to illustrate the fundamental statistical principle that larger samples give more reliable conclusions?,Introductory Statistics,1,analytical,40,dataset_introductory_statistics.json
87a4b9500ea1,"How does the standard normal distribution (Z) differ from a general normal distribution X ~ N(μ, σ) in terms of how probabilities are calculated?",Introductory Statistics,1,analytical,22,dataset_introductory_statistics.json
88ab1616d384,Consider the textbook example of predicting a child’s height from their age (Chapter 12) and a child’s weight based on a normal distribution benchmark (Chapter 6). Synthesize these two analyses from a pediatric health perspective: how would a doctor use both tools to make a comprehensive assessment of whether a child’s growth is healthy?,Introductory Statistics,1,analytical,57,dataset_introductory_statistics.json
8b145a99f3d2,"In the sparrow hawk study, how does the regression equation for percent return vs. percent new birds compare to what an ecologist might intuitively expect? Does the data support this intuition?",Introductory Statistics,1,analytical,31,dataset_introductory_statistics.json
8b155d63f4c5,What does it mean for residuals to be “mutually independent” in regression?,Introductory Statistics,0,factual,12,dataset_introductory_statistics.json
8dcc69a4b8b8,"Consider the driver fatality data by age group (Chapter 12). The data shows a non-linear pattern, yet linear regression was applied. Using concepts from Chapter 6 (normal distribution, skewness) and Chapter 12 (regression limitations), explain the dangers of applying linear regression to data with nonlinear patterns, and suggest what additional analyses would be appropriate.",Introductory Statistics,1,analytical,55,dataset_introductory_statistics.json
906bf540d6cd,Compare the practical meaning of a z-score of +2 versus a z-score of –2 for a medical measurement such as blood pressure or weight of a child.,Introductory Statistics,1,analytical,29,dataset_introductory_statistics.json
9081d467a04a,Compare the normal distribution and the empirical (observed) distribution of data in a sample. Why might they differ?,Introductory Statistics,1,analytical,18,dataset_introductory_statistics.json
90a00f1bc627,What are the z-scores corresponding to ±3 standard deviations from the mean in a standard normal distribution?,Introductory Statistics,0,factual,18,dataset_introductory_statistics.json
9138abb602ec,"In the regression assumptions, compare the assumption of “normality of y values” to the assumption of “equal variance.” What would a violation of each look like on a scatter plot?",Introductory Statistics,1,analytical,30,dataset_introductory_statistics.json
91d03f4f2c02,Compare the behavior of the normal curve when σ is large versus when σ is small. How does this affect the spread and height of the curve?,Introductory Statistics,1,analytical,25,dataset_introductory_statistics.json
926accae41d4,What is the 80th percentile of a normal distribution with mean 36.9 and standard deviation 13.9?,Introductory Statistics,0,factual,18,dataset_introductory_statistics.json
92a7195e7889,"The concept of the “best fit” in regression (minimizing SSE) and the concept of the “most likely value” in normal distribution (the mean, where the curve peaks) both represent optimization. Synthesize these ideas to explain how statistics as a discipline is fundamentally about finding the “best description” of data under uncertainty.",Introductory Statistics,1,analytical,51,dataset_introductory_statistics.json
942bce2781e0,"In the linear regression equation ŷ = a + bx, what does the slope b describe?",Introductory Statistics,0,factual,13,dataset_introductory_statistics.json
943340282598,"How does a regression line with a slope close to 0 differ from one with a steep slope, in terms of what it tells us about the relationship between x and y?",Introductory Statistics,1,analytical,32,dataset_introductory_statistics.json
953a174d2876,How does the concept of a “residual” in regression compare to the concept of a “deviation from the mean” in descriptive statistics?,Introductory Statistics,1,analytical,22,dataset_introductory_statistics.json
962a0b913fd2,"What is the mean of the standard normal distribution Z ~ N(0, 1)?",Introductory Statistics,0,factual,13,dataset_introductory_statistics.json
9680659ad4d9,"How does the concept of the “population regression line” (Chapter 12) parallel the concept of the “true population distribution” (Chapter 6)? In both cases, we use samples to estimate unknown population parameters. Synthesize these ideas to explain the fundamental role of sampling in statistical inference.",Introductory Statistics,1,analytical,45,dataset_introductory_statistics.json
96b4fd7af091,"For the CD player lifetime example, what is the mean lifetime?",Introductory Statistics,0,factual,11,dataset_introductory_statistics.json
987bebcf7c13,"What is the 80th percentile of the fly ball distance distribution (mean 250, sd 50)?",Introductory Statistics,0,factual,15,dataset_introductory_statistics.json
99270909067e,"In the context of business analytics, a firm uses regression to predict revenue from advertising spend and also assumes that revenue follows a normal distribution. Integrate concepts from both chapters to explain how the firm would set sales targets (using percentiles, Chapter 6) and forecast future performance (using regression, Chapter 12).",Introductory Statistics,1,analytical,51,dataset_introductory_statistics.json
994874d870da,"How does the regression line prediction at x = 73 differ before and after removing the outlier (65,175) in the third exam/final exam example?",Introductory Statistics,1,analytical,25,dataset_introductory_statistics.json
995db9360938,"How does the y-intercept of the regression line for life expectancy (Chapter 12) differ in interpretation from the y-intercept of a cost function (e.g., Aaron’s Word Processing Service)?",Introductory Statistics,1,analytical,32,dataset_introductory_statistics.json
9992135dc5c7,What is the correlation coefficient r?,Introductory Statistics,0,factual,6,dataset_introductory_statistics.json
9a890e98f99c,Compare the effect of having n = 5 data points vs. n = 100 data points on the critical value for r at the 95% confidence level. What does this tell us about sample size and significance?,Introductory Statistics,1,analytical,35,dataset_introductory_statistics.json
9ba4064d8b5e,Compare the interpretation of a positive z-score versus a negative z-score.,Introductory Statistics,1,analytical,13,dataset_introductory_statistics.json
9c524e40b301,"For df = 12, what is the critical value of r at the 95% level?",Introductory Statistics,0,factual,14,dataset_introductory_statistics.json
9d4c5fd05c9e,"A public health analyst is studying coffee consumption and heart disease rates (Chapter 12). Integrate the concepts of significance testing (is r significant?), prediction (regression equation), and the normal distribution of residuals to provide a complete statistical assessment of whether coffee consumption is a useful predictor of heart disease risk.",Introductory Statistics,1,analytical,50,dataset_introductory_statistics.json
9de63bdbb7ba,What is the 25th percentile of a normal distribution with mean 2 and standard deviation 0.5?,Introductory Statistics,0,factual,17,dataset_introductory_statistics.json
9f0a47806522,Synthesize the concept of hypothesis testing for ρ from Chapter 12 with the concept of probability under the normal curve from Chapter 6. Explain how the p-value in the LinRegTTest is conceptually a normal/t-distribution probability.,Introductory Statistics,1,analytical,37,dataset_introductory_statistics.json
9f53981d8701,"What is a positive correlation, and what does it imply about the relationship between x and y?",Introductory Statistics,0,factual,17,dataset_introductory_statistics.json
a0006cf00eb2,What does ŷ (y-hat) represent in a regression equation?,Introductory Statistics,0,factual,9,dataset_introductory_statistics.json
a05a88ab38e5,What is the difference between an outlier and an influential point in regression?,Introductory Statistics,1,analytical,13,dataset_introductory_statistics.json
a14d14620def,"Compare the concept of a “percentile” in a normal distribution to what it means in everyday language (e.g., “the 90th percentile student”).",Introductory Statistics,1,analytical,23,dataset_introductory_statistics.json
a208defc97e4,Compare the roles of the independent variable (x) and the dependent variable (y) in a linear regression model.,Introductory Statistics,1,analytical,18,dataset_introductory_statistics.json
a2f5436bdd36,"A data journalist is writing about wealth inequality. Income distributions are typically not normal (they are right-skewed), yet regression models are applied to income data. Using concepts from Chapter 6 (normality, transformations) and Chapter 12 (regression, assumptions), explain how a statistician would handle non-normal data before applying regression.",Introductory Statistics,1,analytical,50,dataset_introductory_statistics.json
a2fc3fb771e8,How does the concept of z-scores from the normal distribution chapter connect to the hypothesis testing of the correlation coefficient in Chapter 12? In what ways do both use standardization to make comparisons?,Introductory Statistics,1,analytical,34,dataset_introductory_statistics.json
a3410e381170,"An ecologist is studying the sparrow hawk colony data. Integrate the concepts of outlier detection (Chapter 12), the meaning of residuals, and the normal distribution of errors to explain the full process of determining whether a data point is a true outlier versus natural variation.",Introductory Statistics,1,analytical,45,dataset_introductory_statistics.json
a47709ab70b9,"How does the concept of “degrees of freedom” connect both chapters? In Chapter 12, df = n–2 is used for the t-test. In Chapter 6, the t-distribution underlies the critical values. Explain how the concept of degrees of freedom reflects the loss of information when estimating parameters from samples.",Introductory Statistics,1,analytical,51,dataset_introductory_statistics.json
a48bda4cc71b,"How does the Empirical Rule differ for the 68%, 95%, and 99.7% intervals in terms of the number of standard deviations from the mean?",Introductory Statistics,1,analytical,25,dataset_introductory_statistics.json
a6ff7d3cb11f,"What is the standard normal distribution, and how is it denoted?",Introductory Statistics,0,factual,11,dataset_introductory_statistics.json
a70e147f87e6,What does the sign of r tell us about the direction of a linear relationship?,Introductory Statistics,0,factual,15,dataset_introductory_statistics.json
a740a0c6124b,What is a linear relationship in a statistical context?,Introductory Statistics,0,factual,9,dataset_introductory_statistics.json
a86f9af80fa4,Define the normal distribution and identify its two parameters.,Introductory Statistics,0,factual,9,dataset_introductory_statistics.json
acfa694cdab8,How does the regression of the percent of hourly workers over time (Chapter 12) compare to the regression of life expectancy over time in terms of slope direction and interpretation?,Introductory Statistics,1,analytical,30,dataset_introductory_statistics.json
ad84b66f6f2d,"Synthesize the concepts of the y-intercept in regression (Chapter 12) with the concept of the mean as the “center” of a normal distribution (Chapter 6). When the y-intercept has no practical meaning (e.g., when x = 0 is outside the domain), how should a statistician communicate their results responsibly?",Introductory Statistics,1,analytical,51,dataset_introductory_statistics.json
adbd3f261362,"In the final exam scores example (μ = 63, σ = 5), what is the probability of scoring less than 85?",Introductory Statistics,0,factual,17,dataset_introductory_statistics.json
ae422fbffb52,"What is the difference between the normal distribution N(μ, σ) and the standard normal distribution Z ~ N(0, 1)?",Introductory Statistics,1,analytical,18,dataset_introductory_statistics.json
ae98ae744af4,How do the limitations of extrapolation in regression (Chapter 12) and the limitations of applying the normal distribution outside the observed range (Chapter 6) reflect the same fundamental principle in statistics: that we should not make claims beyond the boundaries of our data?,Introductory Statistics,1,analytical,43,dataset_introductory_statistics.json
aed60c5d66e0,"A sociologist is studying the relationship between education level and income. Use concepts from both Chapter 6 (normality of income distribution) and Chapter 12 (regression, significance testing, prediction) to outline a complete statistical study design and analysis plan.",Introductory Statistics,1,analytical,38,dataset_introductory_statistics.json
afa701692d28,"What is the probability that a randomly chosen mandarin orange has a diameter larger than 6.0 cm, given mean 5.85 cm and sd 0.24 cm?",Introductory Statistics,0,factual,28,dataset_introductory_statistics.json
b0492e860b3e,"Compare the practical interpretation of the slope in a real-world regression (e.g., “for each additional story, height increases by ~13 feet”) with the mathematical definition of slope as “rise over run.”",Introductory Statistics,1,analytical,33,dataset_introductory_statistics.json
b1b369c5837c,What is the slope of the best-fit line in the third exam/final exam example?,Introductory Statistics,0,factual,16,dataset_introductory_statistics.json
b1c8abd05417,"In Chapter 12, what calculator function is used to find the least-squares regression line?",Introductory Statistics,0,factual,15,dataset_introductory_statistics.json
b3fc03e9698d,"In the third exam/final exam example, what is the equation of the least-squares regression line?",Introductory Statistics,0,factual,17,dataset_introductory_statistics.json
b4284fa705b7,What does “fail to reject the null hypothesis” mean in plain language in the context of correlation testing?,Introductory Statistics,0,factual,18,dataset_introductory_statistics.json
b64aa0fdda0a,"In the NUMMI automobile example, the number of defective cars follows approximately a normal distribution. Explain how the concepts of z-scores and the Empirical Rule can be used together to identify unusually high or low defect rates in the quality control process.",Introductory Statistics,1,analytical,43,dataset_introductory_statistics.json
ba5c6b0a43cf,"In quality control, a manufacturing plant uses both the Empirical Rule (Chapter 6) and regression analysis (Chapter 12) to monitor production. Explain how these two tools can be used together to detect when a process is “out of control.”",Introductory Statistics,1,analytical,39,dataset_introductory_statistics.json
ba6f0aea6be2,"In the linear regression equation y = a + bx, what does a represent geometrically?",Introductory Statistics,0,factual,13,dataset_introductory_statistics.json
baddaf690791,Compare what the slope means in the Aaron’s Word Processing Service equation vs. the Svetlana tutoring equation. How is the real-world meaning of slope different?,Introductory Statistics,1,analytical,27,dataset_introductory_statistics.json
bc906b3c5f4f,What is the range of possible values for the correlation coefficient r?,Introductory Statistics,0,factual,12,dataset_introductory_statistics.json
bebbd5e5d869,"What is a z-score, and what does it measure?",Introductory Statistics,0,factual,10,dataset_introductory_statistics.json
bf18740b05c2,"In the third exam/final exam example, which data point was identified as an outlier?",Introductory Statistics,0,factual,15,dataset_introductory_statistics.json
bf5d01d2cca3,What is the p-value for the significance test of the correlation coefficient in the third exam/final exam example?,Introductory Statistics,0,factual,20,dataset_introductory_statistics.json
bf809d1c74e6,What is the population correlation coefficient ρ (rho)?,Introductory Statistics,0,factual,7,dataset_introductory_statistics.json
c018e4fef3f5,What is the difference between a data point that lies above the regression line versus one that lies below it? What does the sign of the residual tell us?,Introductory Statistics,1,analytical,29,dataset_introductory_statistics.json
c0463c508c96,Compare a regression model for predicting sports stadium capacity (n=60) to a model for predicting checkout wait times (n=50). How does sample size affect confidence in the predictions?,Introductory Statistics,1,analytical,30,dataset_introductory_statistics.json
c0496a3196d5,What is the dependent variable in a regression model?,Introductory Statistics,0,factual,9,dataset_introductory_statistics.json
c070d026e240,Compare the “direction” indicated by the sign of the correlation r with the “strength” indicated by the magnitude |r|. Can a strong negative correlation be more meaningful than a weak positive one?,Introductory Statistics,1,analytical,32,dataset_introductory_statistics.json
c08eb635ca40,How does the Pearson correlation coefficient r compare to the coefficient of determination r² in terms of what information each provides and which is more intuitive to interpret?,Introductory Statistics,1,analytical,28,dataset_introductory_statistics.json
c153837757b5,"What is extrapolation in the context of linear regression prediction, and why is it unreliable?",Introductory Statistics,0,factual,15,dataset_introductory_statistics.json
c18a5798e42d,"How do the lessons from all regression assumptions in Chapter 12 (linearity, normality, equal variance, independence, random sampling) and the properties of the normal distribution in Chapter 6 together constitute the theoretical foundation for classical linear regression? What would happen to statistical inference if each assumption were violated?",Introductory Statistics,1,analytical,48,dataset_introductory_statistics.json
c2685fd4bdb2,"For df = 8, what are the critical values of the correlation coefficient at the 95% level?",Introductory Statistics,0,factual,16,dataset_introductory_statistics.json
c3c5777c213c,What does r = 0 indicate about the linear relationship between two variables?,Introductory Statistics,0,factual,12,dataset_introductory_statistics.json
c7313034fdaa,"Compare the significance test for the correlation coefficient with a standard hypothesis test for a population mean. What elements do they share (null hypothesis, test statistic, p-value, conclusion), and where do they differ?",Introductory Statistics,1,analytical,34,dataset_introductory_statistics.json
c74dcfafb836,"For a normal distribution with mean 68 and standard deviation 3 (golf scores), what is the probability that a score is less than 65?",Introductory Statistics,0,factual,24,dataset_introductory_statistics.json
c8509fbf5d2d,How does the value of the test statistic t in correlation testing relate to the size of the correlation r and the sample size n?,Introductory Statistics,1,analytical,25,dataset_introductory_statistics.json
c8ee140b13b7,How does the percentage of x values between the 1st and 2nd standard deviations (~27%) compare to the percentage between the 2nd and 3rd standard deviations (~4.7%)? What does this tell us about extreme values?,Introductory Statistics,1,analytical,36,dataset_introductory_statistics.json
c959c0d497d1,What is a “well-designed random sample” in the context of regression assumptions?,Introductory Statistics,0,factual,13,dataset_introductory_statistics.json
c959ded4d63d,"Consider the relationship between the regression significance test (testing H₀: ρ = 0) and the broader concept of hypothesis testing underpinning statistical inference. Using the normal distribution as the theoretical foundation (Chapter 6) and the correlation test as a specific application (Chapter 12), synthesize the universal logic of hypothesis testing in statistics.",Introductory Statistics,1,analytical,50,dataset_introductory_statistics.json
c9e9532c2da3,"In a normal distribution, if the area to the left of x is 0.0228, what is the area to the right?",Introductory Statistics,0,factual,22,dataset_introductory_statistics.json
ca5b16b97c7f,"A data scientist working on an environmental study finds that pollution levels are normally distributed (Chapter 6) and that there is a significant regression relationship between industrial output and pollution levels (Chapter 12). Synthesize these findings to explain how the scientist would (a) set regulatory thresholds using percentiles, (b) predict future pollution from projected industrial output, and (c) test whether the relationship is statistically valid.",Introductory Statistics,1,analytical,65,dataset_introductory_statistics.json
cb71166f4cf5,How does the normal distribution compare to the bell curve approximations used for binomial distributions (as in the coin flip and NUMMI examples)?,Introductory Statistics,1,analytical,23,dataset_introductory_statistics.json
cd67b7803e76,"A climate scientist models global temperature as a function of CO₂ levels using regression (Chapter 12) and also models year-to-year temperature variation as normally distributed (Chapter 6). Synthesize these two perspectives to explain how both tools are needed for a complete picture: one for trend, one for variability around the trend.",Introductory Statistics,1,analytical,53,dataset_introductory_statistics.json
ce5abd6d3c2a,What is the Empirical Rule (also known as the 68-95-99.7 Rule)?,Introductory Statistics,0,factual,14,dataset_introductory_statistics.json
ce8069d2bb60,"The Consumer Price Index example shows a significant r but a potentially nonlinear relationship. Using the normal distribution concepts, explain how the distribution of residuals around the regression line can visually or numerically reveal when a linear model is not appropriate.",Introductory Statistics,1,analytical,41,dataset_introductory_statistics.json
cf1770ec9603,How do the concepts of percentile (Chapter 6) and prediction from a regression line (Chapter 12) both answer the question “what value of y should we expect?” even though they use different methods?,Introductory Statistics,1,analytical,33,dataset_introductory_statistics.json
d049c29ef771,What notation is used for a normal distribution with mean μ and standard deviation σ?,Introductory Statistics,0,factual,13,dataset_introductory_statistics.json
d04c7159e901,What is the form of the standard linear equation in statistics (as opposed to algebra)?,Introductory Statistics,0,factual,15,dataset_introductory_statistics.json
d052ae50f1bc,What is the alternative hypothesis Hₐ in a test of significance for the correlation coefficient?,Introductory Statistics,0,factual,15,dataset_introductory_statistics.json
d31a370aa0d6,"Consider the checkout line wait time study. Using the normal approximation (Chapter 6) and the regression concepts (Chapter 12), explain the full analytical pipeline: from raw data collection to a predictive model, including how the normal distribution assumption is checked.",Introductory Statistics,1,analytical,40,dataset_introductory_statistics.json
d3d2c920df36,"Consider the life expectancy vs. year of birth regression. Using knowledge from both chapters, explain how you would (a) assess normality of the data, (b) fit the regression, (c) test significance, and (d) interpret the practical meaning of the slope in terms of public health progress.",Introductory Statistics,1,analytical,46,dataset_introductory_statistics.json
d40cfc06589d,"In the third exam/final exam example, how many data points (n) were used?",Introductory Statistics,0,factual,14,dataset_introductory_statistics.json
d41f473eef53,"What is normalcdf, and when is it used?",Introductory Statistics,0,factual,8,dataset_introductory_statistics.json
d581fe1a0cc3,"Compare a scatter plot showing r = 0.9 vs. one showing r = 0.3. How would these look visually, and what do they mean statistically?",Introductory Statistics,1,analytical,25,dataset_introductory_statistics.json
d5be3d32e584,"In the third exam/final exam example with the outlier removed, what is the new equation of the best-fit line?",Introductory Statistics,0,factual,21,dataset_introductory_statistics.json
d5d070f05b19,"Consider the relationship between alcohol consumption and traffic fatalities, or cigarette smoking and lung cancer — relationships that are clearly causal in reality but must be carefully analyzed statistically. Using the concepts of correlation (Chapter 12) and the normal distribution of outcomes (Chapter 6), explain how a statistician would rigorously establish evidence for such a relationship while acknowledging the statistical limitation that “correlation does not imply causation.”",Introductory Statistics,1,analytical,66,dataset_introductory_statistics.json
d6321bf206a5,What is a “standardized value” and how does standardization help compare different data sets?,Introductory Statistics,0,factual,14,dataset_introductory_statistics.json
d6f2b5eb07a1,"Synthesize the ideas of outlier detection (Chapter 12) and the use of z-scores (Chapter 6) to propose a unified criterion for identifying unusual data points: specifically, explain how the rule of “residual > 2s” is analogous to identifying a data point with |z| > 2.",Introductory Statistics,1,analytical,44,dataset_introductory_statistics.json
d71a8981c388,How does removing an outlier from the data change the SSE (Sum of Squared Errors)? Should it increase or decrease? Why?,Introductory Statistics,1,analytical,21,dataset_introductory_statistics.json
da6ad398a30e,"For the fat calories distribution with mean 36 and standard deviation 10, what is the maximum value for the lower 25%?",Introductory Statistics,0,factual,21,dataset_introductory_statistics.json
db1c11a7145a,"In the height vs. stories regression example (Chapter 12), how many buildings are in the dataset?",Introductory Statistics,0,factual,16,dataset_introductory_statistics.json
dc74b79e0e25,How do the concepts of “regression to the mean” (implied in regression analysis) and the normal distribution’s symmetry (Chapter 6) jointly explain why extreme scores on one measurement tend to be followed by less extreme scores on a subsequent measurement?,Introductory Statistics,1,analytical,41,dataset_introductory_statistics.json
dcd555f45b11,What is the least-squares regression line (line of best fit)?,Introductory Statistics,0,factual,11,dataset_introductory_statistics.json
ddab5f260e19,What is meant by “degrees of freedom” in the t-test for correlation significance?,Introductory Statistics,0,factual,14,dataset_introductory_statistics.json
de3e24af481b,"What is the standardization transformation, and what distribution does it produce?",Introductory Statistics,0,factual,11,dataset_introductory_statistics.json
de536e07149b,"Reflecting on the entire textbook content from Chapters 6 and 12: How do the normal distribution and linear regression together represent a microcosm of statistical thinking — the ability to model uncertainty, measure relationships, test hypotheses, make predictions, and communicate findings responsibly? What philosophical and practical lessons do these two chapters teach about the role of statistics in knowledge creation?",Introductory Statistics,1,analytical,59,dataset_introductory_statistics.json
dfed7054e52e,What does the slope b = r(sy/sx) mean in words?,Introductory Statistics,0,factual,11,dataset_introductory_statistics.json
e0182975e7de,"The textbook mentions that “correlation does not imply causation.” Using examples from both Chapter 6 (distributions of natural phenomena) and Chapter 12 (regression of real-world data), construct a comprehensive argument for why this principle is essential in data analysis.",Introductory Statistics,1,analytical,40,dataset_introductory_statistics.json
e096ea32e4be,A company uses regression to predict quarterly sales (Chapter 12) and also assumes sales follow a normal distribution for probability calculations (Chapter 6). Explain how these two statistical frameworks are complementary and how a manager would use both together for business decision-making.,Introductory Statistics,1,analytical,43,dataset_introductory_statistics.json
e09d144cff9e,How does the detection and removal of an outlier (Chapter 12) change not just the regression line but also the distribution of residuals? Use the concepts of normal distribution (Chapter 6) to explain why a cleaner dataset may have residuals that better approximate normality.,Introductory Statistics,1,analytical,44,dataset_introductory_statistics.json
e0b5aeca206e,What is the formula for the correlation coefficient r?,Introductory Statistics,0,factual,9,dataset_introductory_statistics.json
e12567ca9c14,How does the standard deviation of residuals s differ from the standard deviation of the original y values?,Introductory Statistics,1,analytical,18,dataset_introductory_statistics.json
e2eab3fdb1ad,Define the term “strength” of a relationship as shown in a scatter plot.,Introductory Statistics,0,factual,13,dataset_introductory_statistics.json
e377e5120b9b,Define the term “direction” of a relationship as shown in a scatter plot.,Introductory Statistics,0,factual,13,dataset_introductory_statistics.json
e3c3b02c01f9,What is a critical value in the context of a normal distribution?,Introductory Statistics,0,factual,12,dataset_introductory_statistics.json
e45ee3f76398,"A pharmaceutical company tests drug effectiveness. Patient outcomes are normally distributed (Chapter 6), and the relationship between dosage and effectiveness is modeled with regression (Chapter 12). Synthesize both approaches to explain how the company would determine the optimal dosage range, including statistical significance testing and risk quantification.",Introductory Statistics,1,analytical,47,dataset_introductory_statistics.json
e4652e3b2b3a,"What is the Consumer Price Index (CPI), and how is it used in the regression example?",Introductory Statistics,0,factual,16,dataset_introductory_statistics.json
e4f382405887,What important point does the best-fit line always pass through?,Introductory Statistics,0,factual,11,dataset_introductory_statistics.json
e5ff7f0c55cb,"Consider the gold medal swimming times dataset. Using the regression analysis from Chapter 12 and the normal distribution concepts from Chapter 6, explain how you would (a) find the best-fit line, (b) test its significance, (c) make a prediction for a future year, and (d) quantify the uncertainty in that prediction using a probability statement.",Introductory Statistics,1,analytical,56,dataset_introductory_statistics.json
e7401d55d3a0,"For the IQR of smartphone user ages (mean 36.9, sd 13.9), what is Q1?",Introductory Statistics,0,factual,16,dataset_introductory_statistics.json
e779ad32602c,What is the difference between using r (correlation coefficient) and r² (coefficient of determination) to evaluate a regression model?,Introductory Statistics,1,analytical,19,dataset_introductory_statistics.json
e87b84cfc55d,Compare the prediction accuracy of a regression model with r² = 0.72 vs. one with r² = 0.20. How confident should you be in each model’s predictions?,Introductory Statistics,1,analytical,28,dataset_introductory_statistics.json
e968be771aab,What is the 68-95-99.7 rule and why is it useful in practice?,Introductory Statistics,0,factual,15,dataset_introductory_statistics.json
e9b53116080e,"In the checkout line wait time example, what was the sample standard deviation?",Introductory Statistics,0,factual,13,dataset_introductory_statistics.json
ecaa35a61c2f,What significance level α is used throughout Chapter 12 for hypothesis testing of the correlation coefficient?,Introductory Statistics,0,factual,15,dataset_introductory_statistics.json
ed54dea51b0c,"Compare the normal distribution curve to a uniform distribution in terms of shape, mean, and probability calculation.",Introductory Statistics,1,analytical,17,dataset_introductory_statistics.json
ed5ea6ff1ccc,"How does a change in the mean μ affect the shape and position of the normal curve, compared to a change in the standard deviation σ?",Introductory Statistics,1,analytical,24,dataset_introductory_statistics.json
ee32e8f0326e,"What is the bell curve, and in what fields is it commonly observed?",Introductory Statistics,0,factual,13,dataset_introductory_statistics.json
eed3337247fb,How does the use of z-scores to compare SAT and ACT scores illustrate the broader concept of standardization? Compare this use to the standardization in a standard normal distribution.,Introductory Statistics,1,analytical,30,dataset_introductory_statistics.json
ef1c05b0feb4,Compare P(X > x) = 1 – P(X < x) with the complementary rule in general probability. How does the normal distribution make this calculation especially straightforward?,Introductory Statistics,1,analytical,25,dataset_introductory_statistics.json
f04947513b89,"What is the notation X ~ N(μ, σ), and what does each parameter represent?",Introductory Statistics,0,factual,12,dataset_introductory_statistics.json
f24129d8286c,How is r² interpreted as a percentage in the context of regression?,Introductory Statistics,0,factual,12,dataset_introductory_statistics.json
f4683cace3bc,"Compare the regression equation before and after removing the outlier (65, 175) from the third exam/final exam data. How does the slope change?",Introductory Statistics,1,analytical,24,dataset_introductory_statistics.json
f56881785011,"In the 2012 SAT verbal section, what was the mean score μ?",Introductory Statistics,0,factual,11,dataset_introductory_statistics.json
f56c0f236efd,Compare the regression line used for the sparrow hawk data (percent return vs. percent new) with the regression line used for the gold medal swimming data (year vs. time). In what ways are their interpretations similar and different?,Introductory Statistics,1,analytical,38,dataset_introductory_statistics.json
f77e5911d93e,"Define a “random variable” X ~ N(μ, σ) in words.",Introductory Statistics,0,factual,8,dataset_introductory_statistics.json
f864c33229c0,Compare the interpretation of ρ = 0 versus ρ ≠ 0 in terms of what they imply about the population relationship.,Introductory Statistics,1,analytical,17,dataset_introductory_statistics.json
f9d69743ad6a,What is the practical meaning of the y-intercept when x = 0 in a real-world regression model?,Introductory Statistics,0,factual,18,dataset_introductory_statistics.json
fac4a80fd740,"If X ~ N(5, 6) and x = 17, what is the z-score?",Introductory Statistics,0,factual,13,dataset_introductory_statistics.json
faca4f87d1d8,"What is an influential point in linear regression, and how does it differ from an outlier?",Introductory Statistics,0,factual,16,dataset_introductory_statistics.json
fb00bc50fd2f,The sparrow hawk regression (Chapter 12) and the normal distribution of bird population sizes (Chapter 6) are both used in ecology. Integrate these two statistical tools to explain how ecologists use both distributional modeling and predictive modeling to manage and forecast wildlife populations.,Introductory Statistics,1,analytical,43,dataset_introductory_statistics.json
fba28346d5c2,"In the sparrow hawks study, how many colonies were tagged?",Introductory Statistics,0,factual,10,dataset_introductory_statistics.json
fc40e173463e,Compare the correlation coefficient r = 0.6631 (before removing the outlier) with r = 0.9121 (after removing it). What do these values tell us about the quality of each model?,Introductory Statistics,1,analytical,30,dataset_introductory_statistics.json
fcc380b3d649,What does “reject the null hypothesis” mean in plain language in the context of correlation testing?,Introductory Statistics,0,factual,16,dataset_introductory_statistics.json
fce7a514d46d,Define the standard deviation of the residuals s in the context of a regression model.,Introductory Statistics,0,factual,15,dataset_introductory_statistics.json
fdd5468325a9,Compare the probability of a value being more than 2 standard deviations above the mean vs. more than 3 standard deviations above the mean in a normal distribution. How extreme are these events?,Introductory Statistics,1,analytical,33,dataset_introductory_statistics.json
fdf6de408028,Compare the calculation of the interquartile range (IQR) using the normal distribution (invNorm) with calculating it from raw data. What are the advantages and disadvantages of each method?,Introductory Statistics,1,analytical,28,dataset_introductory_statistics.json
fe84ecccc33c,Compare the assumption that “data are normally distributed” in the context of the normal distribution chapter to the regression assumption that “y values are normally distributed about the regression line.”,Introductory Statistics,1,analytical,30,dataset_introductory_statistics.json
fff4f2f800cb,"Integrating the Empirical Rule from Chapter 6 with the regression outlier detection method from Chapter 12, propose a comprehensive data quality check process that a statistician could apply to any new dataset before performing regression analysis.",Introductory Statistics,1,analytical,36,dataset_introductory_statistics.json
fff6f0a53d5f,What is the difference between using s (standard deviation of residuals) and 2s as a cutoff for identifying outliers in regression analysis?,Introductory Statistics,1,analytical,22,dataset_introductory_statistics.json
0215e82d3ab2,"How do the microeconomic concepts of marginal cost, marginal revenue, and the profit-maximizing rule together explain why the monopolist's achievable profit is limited not only by production costs but also by the shape of the demand curve it faces?",Microeconomics,1,analytical,40,dataset_microeconomics.json
029353590e2c,"In 1997, how many acres of wheat were planted in North Dakota?",Microeconomics,0,factual,12,dataset_microeconomics.json
033953d720ad,"How do the long-run forces of entry and exit in perfect competition, combined with the zero-profit condition, lead to both productive and allocative efficiency?",Microeconomics,1,analytical,26,dataset_microeconomics.json
043c44d4dae8,How does a price ceiling affect consumer surplus compared to producer surplus?,Microeconomics,1,analytical,12,dataset_microeconomics.json
066441654430,What is 'long-run equilibrium' in a perfectly competitive market?,Microeconomics,0,factual,10,dataset_microeconomics.json
067b54885e15,What is the concept of 'social surplus' and how is it defined as the sum of consumer and producer surplus?,Microeconomics,0,factual,20,dataset_microeconomics.json
067e5df6bf93,"What does the Latin term 'ceteris paribus' mean, and why is it used by economists?",Microeconomics,0,factual,15,dataset_microeconomics.json
06873ffeaeb6,How does revenue-maximizing output compare to profit-maximizing output for a monopolist?,Microeconomics,1,analytical,13,dataset_microeconomics.json
06ee8876c411,What is the 'law of demand' in microeconomics?,Microeconomics,0,factual,8,dataset_microeconomics.json
0748bd4a7553,What were total U.S. organic food sales reported by the Organic Trade Association in 2020?,Microeconomics,0,factual,16,dataset_microeconomics.json
07a1ee1bc45f,How does the concept of 'price taker' in perfect competition contrast with the monopolist's ability to set price?,Microeconomics,1,analytical,18,dataset_microeconomics.json
082d09c22d91,"How do predatory pricing, brand-name recognition, and economies of scale interact as barriers to entry, and what are the long-run implications for market competition and consumer welfare?",Microeconomics,1,analytical,29,dataset_microeconomics.json
086ca0f8ef0f,"According to the supply schedule in Table 3.2, what is the quantity supplied of gasoline when the price is $2.20 per gallon?",Microeconomics,0,factual,24,dataset_microeconomics.json
0a2340428bc6,What is 'deadweight loss' in microeconomics?,Microeconomics,0,factual,6,dataset_microeconomics.json
0b1aa986baea,"How does the relationship between a firm's total revenue curve, total cost curve, and the resulting profit curve illustrate the logic of the profit-maximizing rule for both competitive firms and monopolists?",Microeconomics,1,analytical,32,dataset_microeconomics.json
0c6b71ea5c3f,"In the bread market example (Table 3.11), what is the equilibrium quantity?",Microeconomics,0,factual,13,dataset_microeconomics.json
0e6f5a0d6dfe,"How do changes in agricultural technology, government policy, and consumer preferences interact to reshape the equilibrium price and quantity in agricultural commodity markets like wheat and corn?",Microeconomics,1,analytical,27,dataset_microeconomics.json
0eb8632a7388,How does the interaction between short-run profit incentives for individual firms and the long-run entry and exit processes determine the shape of the long-run supply curve for an increasing-cost industry?,Microeconomics,1,analytical,34,dataset_microeconomics.json
112bf11e7d22,How does a price floor affect consumer surplus compared to producer surplus?,Microeconomics,1,analytical,12,dataset_microeconomics.json
1269021febd0,"How do the demand and supply framework and the concept of market equilibrium explain why seasonal foods are cheaper at certain times of year, and what does this tell us about how markets efficiently allocate resources over time without central direction?",Microeconomics,1,analytical,41,dataset_microeconomics.json
1325b6097374,"How do the long-run efficiency properties of perfect competition—productive and allocative efficiency—contrast with the persistent inefficiencies of monopoly, and what does this imply for government regulatory policy?",Microeconomics,1,analytical,30,dataset_microeconomics.json
132b26ea398d,What is a 'monopoly' in economics?,Microeconomics,0,factual,6,dataset_microeconomics.json
13e7365eb4ff,What was the average price of gasoline in the United States in June 2020?,Microeconomics,0,factual,14,dataset_microeconomics.json
1413fbb96a57,"In Table 9.3, what is HealthPill's marginal cost of producing the 2nd unit?",Microeconomics,0,factual,14,dataset_microeconomics.json
1517ef8d61c7,By how much do U.S. gasoline prices in midsummer typically exceed their midwinter low on average?,Microeconomics,0,factual,17,dataset_microeconomics.json
15c98b63a1e3,How does a perfectly competitive firm's price-setting behavior compare to a monopolist's price-setting behavior?,Microeconomics,1,analytical,16,dataset_microeconomics.json
15cd979e8ede,"How do the concepts of natural monopoly, economies of scale, and the scope of market demand explain why some industries naturally tend toward monopoly while others naturally tend toward perfect competition?",Microeconomics,1,analytical,31,dataset_microeconomics.json
16fbc34fadde,"Compare the market outcomes—in terms of price, quantity, consumer surplus, and social welfare—between a price ceiling imposed below equilibrium and a price floor imposed above equilibrium.",Microeconomics,1,analytical,28,dataset_microeconomics.json
17ea7a734007,"Explain how the concepts of excess demand, excess supply, and market self-correction together describe the dynamic process by which markets move toward equilibrium in the absence of price controls.",Microeconomics,1,analytical,30,dataset_microeconomics.json
190b2834dc0e,Compare the marginal cost curve of a perfectly competitive firm with its supply curve and explain the relationship.,Microeconomics,1,analytical,18,dataset_microeconomics.json
1aea92e35208,"How do the demand and supply framework together with changes in driving behavior, fuel efficiency standards, and global crude oil supply explain the seasonal and cyclical volatility of U.S. gasoline prices?",Microeconomics,1,analytical,32,dataset_microeconomics.json
1cc1bd327a41,"How do the economic concepts of consumer surplus, deadweight loss, and distributional effects work together to evaluate whether a price floor such as a minimum wage or an agricultural price support is beneficial or harmful to society overall?",Microeconomics,1,analytical,38,dataset_microeconomics.json
1ce119daebd7,"How do the concepts of productive efficiency and allocative efficiency together define what it means for a market to be 'perfectly efficient,' and in what ways do markets with monopoly power, externalities, or imperfect information fail to meet this standard?",Microeconomics,1,analytical,40,dataset_microeconomics.json
1cf73588fe4d,"In Table 9.4, what is HealthPill's marginal profit from the 3rd unit?",Microeconomics,0,factual,13,dataset_microeconomics.json
1d774c2e94d9,How do patents differ from trademarks in terms of what they protect and how long protection lasts?,Microeconomics,1,analytical,17,dataset_microeconomics.json
215d077d332a,"According to Table 8.12, how many acres of corn were planted in North Dakota in 2013?",Microeconomics,0,factual,17,dataset_microeconomics.json
223c858d4103,What is 'social surplus' (total surplus) in economics?,Microeconomics,0,factual,8,dataset_microeconomics.json
22557230685b,How do short-run economic profits in a perfectly competitive market differ from long-run economic profits?,Microeconomics,1,analytical,17,dataset_microeconomics.json
2259314146e2,"How does the profit-maximizing behavior of a monopolist, constrained by the market demand curve and its marginal cost structure, lead to output and pricing decisions that reduce social welfare relative to a competitive market?",Microeconomics,1,analytical,35,dataset_microeconomics.json
2275c9ae6bd2,How does a constant-cost industry differ from an increasing-cost industry in terms of the long-run supply curve?,Microeconomics,1,analytical,20,dataset_microeconomics.json
22d282d77044,"Using the framework of perfect competition, analyze how the introduction of new cost-saving technology affects a firm's marginal cost, its supply curve, and the long-run equilibrium price and output in the industry.",Microeconomics,1,analytical,34,dataset_microeconomics.json
22ddac50759a,"How do the microeconomic concepts of comparative advantage in production, market prices as signals, and cost differences between crops explain why North Dakota farmers shifted from wheat to corn production?",Microeconomics,1,analytical,30,dataset_microeconomics.json
248df5ae03cb,What is HealthPill's total cost at the profit-maximizing output of 5 units?,Microeconomics,0,factual,13,dataset_microeconomics.json
262f0eb47654,"According to the demand schedule in Table 3.1, what is the quantity demanded of gasoline when the price is $1.00 per gallon?",Microeconomics,0,factual,24,dataset_microeconomics.json
27e0bccb7001,How long does copyright protection ordinarily last under U.S. law?,Microeconomics,0,factual,11,dataset_microeconomics.json
28190d249a26,"In the natural monopoly airplane example (Figure 9.2), at what output range does the industry show constant returns to scale?",Microeconomics,0,factual,21,dataset_microeconomics.json
28a3e1171d89,In what year did the U.S. government split up AT&T into multiple companies?,Microeconomics,0,factual,15,dataset_microeconomics.json
2b2ac6e8b92a,How do the long-run forces of competition—entry in response to profits and exit in response to losses—work to eliminate economic profits and ensure that factors of production are used in their most productive capacities?,Microeconomics,1,analytical,37,dataset_microeconomics.json
2cec3b1594cd,"In the bicycle market example (Table 3.8), what is the equilibrium quantity?",Microeconomics,0,factual,13,dataset_microeconomics.json
2dfd28e3a0f7,How does a firm's supply curve in the short run differ from its supply curve in the long run in a perfectly competitive market?,Microeconomics,1,analytical,24,dataset_microeconomics.json
2e9f5c762797,"In the cheddar cheese market (Table 3.9), what is the equilibrium quantity?",Microeconomics,0,factual,13,dataset_microeconomics.json
2fa1e4328684,Compare the ALCOA historical example with the DeBeers example as illustrations of different types of barriers to entry.,Microeconomics,1,analytical,18,dataset_microeconomics.json
3034cbe960f9,What is an 'increasing-cost industry' in long-run competitive analysis?,Microeconomics,0,factual,11,dataset_microeconomics.json
309dff6ee56d,"Explain how the long-run supply curve for an industry summarizes the complex interactions between firm-level cost changes, market entry and exit dynamics, and changes in input prices as industry output expands.",Microeconomics,1,analytical,33,dataset_microeconomics.json
315301745971,Compare the impact of a price ceiling versus a price floor on deadweight loss in a market.,Microeconomics,1,analytical,17,dataset_microeconomics.json
320187565f8b,How do trade secrets differ from patents as mechanisms for protecting intellectual property?,Microeconomics,1,analytical,13,dataset_microeconomics.json
3254f681cd71,How does the efficiency of a price ceiling as a consumer protection tool compare to the efficiency of a price floor as a producer protection tool?,Microeconomics,1,analytical,26,dataset_microeconomics.json
32c12f886904,"In the Yoga Center Scenario 1 (no clients), what are the losses the center incurs?",Microeconomics,0,factual,15,dataset_microeconomics.json
333a39e2b0d3,"According to the U.S. Small Business Administration data cited in the text, how many new firms entered in 2011?",Microeconomics,0,factual,20,dataset_microeconomics.json
3359f7f0e468,What price ceiling is imposed in the Figure 3.24(a) example?,Microeconomics,0,factual,12,dataset_microeconomics.json
338d05c477b3,What are 'substitute goods' in economics?,Microeconomics,0,factual,6,dataset_microeconomics.json
33acd6dd21f5,What is 'intellectual property' in economics and law?,Microeconomics,0,factual,8,dataset_microeconomics.json
33eb7d2e91e1,What is the definition of 'supply' as used by economists?,Microeconomics,0,factual,10,dataset_microeconomics.json
34423c99e891,What is the meaning of 'price control' and what are the two main forms it can take?,Microeconomics,0,factual,17,dataset_microeconomics.json
346464bdf214,"Using the four-step process, explain how a major drought affecting wheat production would simultaneously affect the equilibrium price and quantity in markets for wheat, wheat-based food products, and substitute grains.",Microeconomics,1,analytical,32,dataset_microeconomics.json
34f10fcdb84b,How does intellectual property protection compare to physical property rights in terms of what is protected and how protection is enforced?,Microeconomics,1,analytical,21,dataset_microeconomics.json
35657fb1e314,"How do the microeconomic principles of supply, demand, and market equilibrium help explain the Boston Tea Party as an economic event, and what does this reveal about the consequences of monopoly pricing for political stability?",Microeconomics,1,analytical,35,dataset_microeconomics.json
35ae2899e2e6,"What share of the most commonly sold personal computers did the Windows system run on in 2013, according to the text?",Microeconomics,0,factual,21,dataset_microeconomics.json
36560cdda27f,"How does the relationship between marginal cost, average cost, and marginal revenue in a perfectly competitive firm interact with long-run equilibrium dynamics to result in zero economic profit?",Microeconomics,1,analytical,29,dataset_microeconomics.json
369ddfa48d14,What is 'market structure' in economics?,Microeconomics,0,factual,6,dataset_microeconomics.json
3746ccdd673c,"How does the concept of ceteris paribus help economists isolate the effects of individual demand and supply shifters, and what are the limitations of this assumption when analyzing complex real-world market phenomena?",Microeconomics,1,analytical,33,dataset_microeconomics.json
379dd3d34f60,At what price per pack does the raspberry farm face losses of $47.45 if it continues to produce at Q=65?,Microeconomics,0,factual,22,dataset_microeconomics.json
3823b8d1de7b,What was DuPont's approximate share of the 'flexible packaging materials' market in the 1947 case?,Microeconomics,0,factual,15,dataset_microeconomics.json
383177d7e192,"Using the market for organic food as a case study, explain how simultaneous changes in consumer tastes, income levels, and production technology interact within the supply and demand framework to determine the long-run trajectory of prices and quantities.",Microeconomics,1,analytical,39,dataset_microeconomics.json
3840cc201fe5,What is the definition of a 'price control' and what are the two main forms that price controls take in economic policy?,Microeconomics,0,factual,22,dataset_microeconomics.json
3858166dd052,What is HealthPill's total revenue at the profit-maximizing output of 5 units?,Microeconomics,0,factual,13,dataset_microeconomics.json
3cbb00b91509,What is a 'trademark' in U.S. intellectual property law?,Microeconomics,0,factual,10,dataset_microeconomics.json
3d080f995a1c,"How do changes in communication technology, combined with government regulatory policy changes such as deregulation, interact to shift an industry from monopoly to competition, using the example of the U.S. telecommunications industry?",Microeconomics,1,analytical,33,dataset_microeconomics.json
3d9d70f70777,What is 'excess demand' (shortage) in microeconomics?,Microeconomics,0,factual,7,dataset_microeconomics.json
3de3da918367,What is the difference between a demand schedule and a demand curve?,Microeconomics,1,analytical,12,dataset_microeconomics.json
3e29096c6903,In what year did Alfred Marshall write about supply and demand and the scissors analogy?,Microeconomics,0,factual,15,dataset_microeconomics.json
3f4b875bdca7,"How does the interaction between demand and supply shifts, equilibrium analysis, and the four-step process provide a comprehensive framework for predicting market outcomes?",Microeconomics,1,analytical,24,dataset_microeconomics.json
418c0171c776,How do the economic arguments for and against intellectual property protection involve tradeoffs between dynamic efficiency—incentives to innovate—and static efficiency—optimal current allocation of resources?,Microeconomics,1,analytical,27,dataset_microeconomics.json
42972064e64e,What is a 'shift in supply' and what causes it?,Microeconomics,0,factual,10,dataset_microeconomics.json
432cca25badf,"In the organic apple price example, how much does a conventional Fuji apple cost per pound?",Microeconomics,0,factual,16,dataset_microeconomics.json
4353f021da16,How does an agricultural market (like wheat or corn) compare to a telecommunications market (like AT&T) in terms of market structure and competitiveness?,Microeconomics,1,analytical,24,dataset_microeconomics.json
43e25cb1d582,How does the effect of a subsidy on supply compare to the effect of a tax on supply?,Microeconomics,1,analytical,18,dataset_microeconomics.json
4427274a3a19,What is 'producer surplus' and how is it measured?,Microeconomics,0,factual,9,dataset_microeconomics.json
4569ce947fff,How does the price charged in perfect competition compare to the price charged by a monopolist at the same level of demand?,Microeconomics,1,analytical,22,dataset_microeconomics.json
45c5fe261ff8,How does 'entry' into a market differ from 'exit' from a market in terms of economic motivation and outcomes?,Microeconomics,1,analytical,19,dataset_microeconomics.json
461a016c4f17,"In Table 9.4, what is HealthPill's total profit at Q=4?",Microeconomics,0,factual,12,dataset_microeconomics.json
46c4170166af,What is a 'supply schedule' and how does it relate to the supply curve?,Microeconomics,0,factual,14,dataset_microeconomics.json
47ffaa966b70,How does the organic food market's supply and demand dynamics compare to the conventional food market as described in the textbook?,Microeconomics,1,analytical,21,dataset_microeconomics.json
4a8034bf3527,How does excess demand (shortage) differ from excess supply (surplus) in terms of market pressures?,Microeconomics,1,analytical,15,dataset_microeconomics.json
4cd71fff0eca,What is the 'law of supply' in microeconomics?,Microeconomics,0,factual,8,dataset_microeconomics.json
4d870caf4e5d,"According to Table 8.1, what is the profit for the raspberry farm at Q=100?",Microeconomics,0,factual,16,dataset_microeconomics.json
4eca6130006a,Explain how a monopolist's behavior—choosing output where MR=MC and pricing above marginal cost—creates both a redistribution of surplus from consumers to producers and a net welfare loss to society through deadweight loss.,Microeconomics,1,analytical,35,dataset_microeconomics.json
4f036196451e,"How do the concepts of consumer surplus, producer surplus, and deadweight loss together illustrate the total welfare effects of a price ceiling on a market?",Microeconomics,1,analytical,25,dataset_microeconomics.json
4fb68756b360,How does the concept of 'barriers to entry' connect the analysis of monopoly market structure with the broader discussion of market equilibrium and long-run competitive dynamics?,Microeconomics,1,analytical,27,dataset_microeconomics.json
509dcde404f7,What is the difference between 'demand' and 'quantity demanded' in economic terminology?,Microeconomics,0,factual,12,dataset_microeconomics.json
520d809f3e15,How do changes in prices of complements and substitutes interact with shifts in consumer income and evolving tastes to create complex demand shifts that may produce ambiguous outcomes for equilibrium price or quantity?,Microeconomics,1,analytical,33,dataset_microeconomics.json
525ad56f7091,"Explain how the profit-maximizing rule MR=MC leads to different social outcomes in perfect competition (P=MC) and monopoly (P>MC), and what the implications are for consumer welfare and resource allocation in each case.",Microeconomics,1,analytical,36,dataset_microeconomics.json
528b5aa1229a,"Explain how the same demand-supply equilibrium model can be applied across diverse markets—gasoline, organic food, bicycles, and cheddar cheese—to predict how specific factor changes affect prices and quantities.",Microeconomics,1,analytical,31,dataset_microeconomics.json
52ea7417f977,Compare the social welfare implications of a government-enforced price ceiling on medicine versus a natural market price for medicine.,Microeconomics,1,analytical,20,dataset_microeconomics.json
5310c26e8e03,"In the price ceiling example illustrated in Figure 3.24(a), what is the original equilibrium quantity?",Microeconomics,0,factual,17,dataset_microeconomics.json
53bf19484c3d,Explain how the concepts of the shutdown point and the break-even point together create three distinct zones of pricing and production decisions for a firm operating in a perfectly competitive market.,Microeconomics,1,analytical,32,dataset_microeconomics.json
53fba55458cb,"In the HealthPill example (Table 9.2), what is total revenue when HealthPill sells 6 units?",Microeconomics,0,factual,16,dataset_microeconomics.json
546eac982ca2,"How do the supply and demand framework, the concept of ceteris paribus, and the four-step analytical process together constitute a complete and systematic approach to microeconomic analysis of market changes?",Microeconomics,1,analytical,31,dataset_microeconomics.json
5596cc6b8656,What is 'price control' in the context of government policy?,Microeconomics,0,factual,10,dataset_microeconomics.json
56dcfb3957ed,What is the maximum profit in the Work It Out example?,Microeconomics,0,factual,11,dataset_microeconomics.json
57db57d6816b,How do movements along a supply curve differ from shifts in the supply curve?,Microeconomics,1,analytical,14,dataset_microeconomics.json
5838d17a9e0d,How does the impact of new technology on a perfectly competitive firm's costs compare to its impact on a monopolist's behavior?,Microeconomics,1,analytical,21,dataset_microeconomics.json
5846540d217f,"In the HealthPill example (Table 9.2), what is total revenue when HealthPill sells 7 units?",Microeconomics,0,factual,16,dataset_microeconomics.json
58b7c8c085c7,How does the market demand curve for a monopolist compare to the demand curves faced by individual firms in a perfectly competitive industry?,Microeconomics,1,analytical,23,dataset_microeconomics.json
59951aa5a183,How do the effects of a decrease in demand compare to the effects of a decrease in supply in terms of equilibrium price and quantity changes?,Microeconomics,1,analytical,26,dataset_microeconomics.json
59c63e955b81,"In Table 9.5, what is HealthPill's demand price (P) at Q=3?",Microeconomics,0,factual,13,dataset_microeconomics.json
5a6ed2faa828,What is a 'constant-cost industry' in long-run competitive analysis?,Microeconomics,0,factual,11,dataset_microeconomics.json
5ab4d9ec6196,What is HealthPill's total economic profit at Q=5?,Microeconomics,0,factual,9,dataset_microeconomics.json
5b4154946156,"Using the demand and supply framework, explain how simultaneous increases in both the demand for organic strawberries (triggered by pesticide concern lists) and the cost of organic farming inputs would affect the equilibrium price and quantity.",Microeconomics,1,analytical,36,dataset_microeconomics.json
5bdeb9f11d45,"After the price ceiling in Figure 3.24(a), what quantity do firms in the market produce?",Microeconomics,0,factual,17,dataset_microeconomics.json
5ca617d3cd22,How does the concept of allocative efficiency connect the price-equals-marginal-cost condition in competitive markets to the broader social goal of maximizing total surplus and minimizing deadweight loss?,Microeconomics,1,analytical,30,dataset_microeconomics.json
5d6e7e9a601a,Compare the incentives for innovation in a perfectly competitive market versus a monopoly.,Microeconomics,1,analytical,13,dataset_microeconomics.json
5e2d938c876b,"How does the loss of producer surplus from a price ceiling compare to the gain in consumer surplus, and what explains the net welfare loss?",Microeconomics,1,analytical,25,dataset_microeconomics.json
5ec83f8ed81e,"Explain how the long-run equilibrium in an increasing-cost industry arises from the interaction between firm-level decisions to enter, rising input prices, and the gradual adjustment of the market price over time.",Microeconomics,1,analytical,34,dataset_microeconomics.json
603c597fcdd5,Compare the short-run and long-run operating decisions for a perfectly competitive firm facing economic losses.,Microeconomics,1,analytical,17,dataset_microeconomics.json
629a5ad512dd,"Using the textbook's analysis of gasoline supply and demand, explain how changes in both consumer behavior—driving patterns and fuel efficiency—and producer behavior—oil exploration and refinery capacity—together determine the market price of gasoline and what policy implications this has for managing energy costs.",Microeconomics,1,analytical,46,dataset_microeconomics.json
630b5fc135ed,What is a 'supply curve' and what does its shape represent?,Microeconomics,0,factual,11,dataset_microeconomics.json
6346e5130308,"Using the concepts of revenue, cost, and profit maximization, explain why a monopolist produces less output at a higher price than would occur in a competitive market, and trace the full implications for consumer welfare.",Microeconomics,1,analytical,35,dataset_microeconomics.json
6411df4753c6,At what output level does HealthPill's marginal cost equal its marginal revenue?,Microeconomics,0,factual,12,dataset_microeconomics.json
641dfb0fba51,How do movements along a demand curve differ from shifts in the demand curve?,Microeconomics,1,analytical,14,dataset_microeconomics.json
651103cd9b50,"Using the principles of demand, supply shifts, and equilibrium analysis, explain how an increase in oil prices would simultaneously affect the markets for gasoline, electric vehicles, and public transportation.",Microeconomics,1,analytical,29,dataset_microeconomics.json
6641fc6f0f15,What price does HealthPill charge at its profit-maximizing output level?,Microeconomics,0,factual,11,dataset_microeconomics.json
667117b5cd18,"How does the East India Company's tea monopoly and the Confederate cotton monopoly together illustrate the economic and political consequences of monopoly power, including how market forces eventually undermined each monopoly?",Microeconomics,1,analytical,31,dataset_microeconomics.json
667fe2c4cd6e,"How do the economic concepts of deadweight loss, consumer surplus redistribution, and incentive effects combine to explain why price controls often produce unintended consequences?",Microeconomics,1,analytical,24,dataset_microeconomics.json
6731f694b32c,What are the main differences between the effects of a price ceiling and a price floor on market outcomes?,Microeconomics,1,analytical,19,dataset_microeconomics.json
676e10b283f8,"How does the profit-maximizing output decision of a monopolist (MR=MC) interact with the market demand curve to simultaneously determine price, quantity, and the levels of consumer and producer surplus?",Microeconomics,1,analytical,31,dataset_microeconomics.json
68b29829d431,Compare the loss-minimization strategy of a firm operating above the shutdown point with one operating below the shutdown point.,Microeconomics,1,analytical,20,dataset_microeconomics.json
68c93136439c,What is a 'price floor' in microeconomics?,Microeconomics,0,factual,7,dataset_microeconomics.json
6ae804636c5c,How does total revenue behave differently as output increases for a perfectly competitive firm versus a monopolist?,Microeconomics,1,analytical,17,dataset_microeconomics.json
6afcc2b42a38,What is 'consumer surplus' and how is it measured?,Microeconomics,0,factual,9,dataset_microeconomics.json
6afdb3234ff0,Compare the characteristics of a natural monopoly in the water supply industry versus natural monopoly in the airline manufacturing example in the text.,Microeconomics,1,analytical,23,dataset_microeconomics.json
6afe03b58182,What is the 'long-run supply (LRS) curve' for a perfectly competitive industry?,Microeconomics,0,factual,13,dataset_microeconomics.json
6b0f55aebea8,"How does the development of new technology interact with existing barriers to entry to either reinforce or weaken a monopoly's market power, using examples from the AT&T breakup and Microsoft antitrust case?",Microeconomics,1,analytical,33,dataset_microeconomics.json
6bf01828b754,What is the break-even quantity for the raspberry farm?,Microeconomics,0,factual,10,dataset_microeconomics.json
6c6e809ce4c2,What was the average price of gasoline in the United States in January 2021?,Microeconomics,0,factual,14,dataset_microeconomics.json
6c7438e5c3ff,How do normal goods and inferior goods differ in terms of how quantity demanded responds to income changes?,Microeconomics,1,analytical,18,dataset_microeconomics.json
6cb7fe1d02e7,How does 'demand' differ from 'quantity demanded' in economic terminology?,Microeconomics,1,analytical,10,dataset_microeconomics.json
6ea843fde9a3,What does it mean for a market to produce at 'allocative efficiency' in terms of price and marginal cost?,Microeconomics,0,factual,19,dataset_microeconomics.json
6f547be41415,What is the 'break-even point' for a perfectly competitive firm?,Microeconomics,0,factual,11,dataset_microeconomics.json
70191e3c3afa,What is an 'inferior good' in microeconomics?,Microeconomics,0,factual,7,dataset_microeconomics.json
710e05904723,What does it mean for a perfectly competitive firm to be at the 'zero-profit point'?,Microeconomics,0,factual,16,dataset_microeconomics.json
7146c9cbc122,"In Table 9.3, at what output level does HealthPill's marginal revenue become zero?",Microeconomics,0,factual,14,dataset_microeconomics.json
71a4d05d3a11,What is the definition of 'demand' according to economists in the context of goods and services markets?,Microeconomics,0,factual,17,dataset_microeconomics.json
72edb035dec9,What is the difference between a 'movement along the demand curve' and a 'shift in the demand curve'?,Microeconomics,0,factual,18,dataset_microeconomics.json
7340038591dc,Compare allocative efficiency outcomes between perfect competition and monopoly.,Microeconomics,1,analytical,9,dataset_microeconomics.json
73765a9ca930,"In what ways do the principles of supply, demand, and social surplus together demonstrate that market equilibrium is simultaneously self-correcting and economically efficient?",Microeconomics,1,analytical,24,dataset_microeconomics.json
73b32965fb5d,What is the profit-maximizing rule for a perfectly competitive firm?,Microeconomics,0,factual,11,dataset_microeconomics.json
73fea2472d63,What is the original equilibrium quantity in the movie theater price floor example?,Microeconomics,0,factual,13,dataset_microeconomics.json
74579fbb4133,What are the differences between factors that shift the demand curve versus factors that shift the supply curve?,Microeconomics,1,analytical,18,dataset_microeconomics.json
748a64512e12,Compare the behavior of a monopolist facing an increase in demand versus a perfectly competitive firm facing the same increase in demand.,Microeconomics,1,analytical,22,dataset_microeconomics.json
7592c7fa1596,How does 'supply' differ from 'quantity supplied' in economic terminology?,Microeconomics,1,analytical,10,dataset_microeconomics.json
76364bc76e12,Compare the role of the government in creating legal monopolies versus in regulating natural monopolies.,Microeconomics,1,analytical,15,dataset_microeconomics.json
76a4a4b660d1,"How do changes in demand, supply, and equilibrium explain the transformation of the U.S. phone market from an AT&T monopoly to a competitive industry, and what were the consumer welfare effects of that transition?",Microeconomics,1,analytical,36,dataset_microeconomics.json
770cd1199cb6,What are 'economies of scale' and how do they contribute to the formation of natural monopoly?,Microeconomics,0,factual,16,dataset_microeconomics.json
78e6267ae3bc,"According to the U.S. Small Business Administration data cited in the text, how many firms failed in 2011?",Microeconomics,0,factual,19,dataset_microeconomics.json
79f22ee2efc7,Compare the short-run and long-run supply curves for a perfectly competitive industry in terms of slopes and what they reflect.,Microeconomics,1,analytical,22,dataset_microeconomics.json
7a0d11416f00,What is a 'price ceiling' in microeconomics?,Microeconomics,0,factual,7,dataset_microeconomics.json
7beeb5f0e0f6,"How do supply and demand shifts in the crude oil market interact with changes in consumer driving behavior, fuel efficiency regulations, and geopolitical events to produce the price volatility observed in real-world gasoline markets?",Microeconomics,1,analytical,35,dataset_microeconomics.json
7c889141c1f2,"In the Yoga Center Scenario 2, what are the revenues earned?",Microeconomics,0,factual,11,dataset_microeconomics.json
7cec263b5a83,What are 'fixed costs' and how do they differ from variable costs in firm decision-making?,Microeconomics,0,factual,16,dataset_microeconomics.json
7d3a69cc7d07,How do substitute goods and complement goods differ in their effects on the demand curve when their prices change?,Microeconomics,1,analytical,19,dataset_microeconomics.json
7d591c60fd80,How does the quantity produced in perfect competition compare to the quantity produced by a monopolist at the same level of demand?,Microeconomics,1,analytical,22,dataset_microeconomics.json
7d9238662a70,What is 'economic profit' and how does it differ from accounting profit?,Microeconomics,0,factual,12,dataset_microeconomics.json
7efc4179285e,What are the differences between a natural monopoly and a legal monopoly as types of barriers to entry?,Microeconomics,1,analytical,18,dataset_microeconomics.json
7f4d2b02f163,What is the original equilibrium price per ticket in the movie theater price floor example?,Microeconomics,0,factual,15,dataset_microeconomics.json
7f89df6a6c31,"In the price ceiling example illustrated in Figure 3.24(a), what is the original equilibrium price?",Microeconomics,0,factual,17,dataset_microeconomics.json
818b2935ef68,"How do the conditions of perfect competition—many sellers, identical products, free entry and exit, and perfect information—together create the outcome of price-taking firms and zero long-run profit?",Microeconomics,1,analytical,31,dataset_microeconomics.json
81b78cea5360,"How does the concept of natural monopoly arise from the interaction between economies of scale and limited market demand, and what tradeoffs arise between allowing natural monopoly operations and regulatory intervention?",Microeconomics,1,analytical,31,dataset_microeconomics.json
82d3e385b27b,What are 'trade secrets' in intellectual property law?,Microeconomics,0,factual,8,dataset_microeconomics.json
8315d64daa6c,What is 'price' as defined in microeconomic theory?,Microeconomics,0,factual,8,dataset_microeconomics.json
85faf33c7990,"According to Table 8.1, what is the total cost for the raspberry farm at Q=0?",Microeconomics,0,factual,17,dataset_microeconomics.json
860213d1b8af,What is a 'decreasing-cost industry' in long-run competitive analysis?,Microeconomics,0,factual,11,dataset_microeconomics.json
87aae224e71f,What is a 'normal good' in microeconomics?,Microeconomics,0,factual,7,dataset_microeconomics.json
88568511198d,What is a 'barrier to entry' in microeconomics?,Microeconomics,0,factual,8,dataset_microeconomics.json
886255d9ced1,How does marginal revenue for a perfectly competitive firm differ from marginal revenue for a monopolist?,Microeconomics,1,analytical,16,dataset_microeconomics.json
88d236090b74,"According to Table 8.3, at what output level does MR equal MC for the raspberry farm?",Microeconomics,0,factual,17,dataset_microeconomics.json
898730472ae5,How does the long-run supply curve for a constant-cost industry compare to that for a decreasing-cost industry?,Microeconomics,1,analytical,20,dataset_microeconomics.json
8a33644b6c13,What are 'factors of production' (inputs) in economics?,Microeconomics,0,factual,8,dataset_microeconomics.json
8a56e6a993fe,"Using the demand and supply framework, explain how an increase in the price of a complement good and a simultaneous decrease in supply—due to bad weather or input shortages—would interact to affect the equilibrium price and quantity of the original good.",Microeconomics,1,analytical,43,dataset_microeconomics.json
8a9ad32bd564,What is a 'shift in demand' and what causes it?,Microeconomics,0,factual,10,dataset_microeconomics.json
8bc9b599b63d,What is the definition of 'social surplus' and how does it relate to the efficiency of a market?,Microeconomics,0,factual,18,dataset_microeconomics.json
8bff950b5334,"In 1997, how many acres of corn were planted in North Dakota?",Microeconomics,0,factual,12,dataset_microeconomics.json
8c1003ddccff,"How do changes in fixed costs, variable costs, and the break-even analysis interact with the decision to enter or exit a market, and what role does this play in determining long-run equilibrium in a perfectly competitive market?",Microeconomics,1,analytical,39,dataset_microeconomics.json
8c66748c7c0a,How does the combination of marginal revenue being below price for a monopolist and the MR=MC profit-maximizing rule lead to both underproduction and allocative inefficiency?,Microeconomics,1,analytical,27,dataset_microeconomics.json
8cd512a51647,What is the market price of frozen raspberries used as the example in Chapter 8?,Microeconomics,0,factual,15,dataset_microeconomics.json
8d2e699dfbd7,"How do consumer surplus and producer surplus together determine market efficiency, and how does the emergence of deadweight loss signal resource misallocation?",Microeconomics,1,analytical,22,dataset_microeconomics.json
8ef6049c8926,"What percentage of 2020 organic sales were food products, according to the Organic Trade Association?",Microeconomics,0,factual,15,dataset_microeconomics.json
8fcdf5b50494,"According to Table 8.1, what is the total cost for the raspberry farm at Q=80?",Microeconomics,0,factual,17,dataset_microeconomics.json
8ffa0c5d6bc8,"Using the concepts of marginal revenue and marginal cost, explain why a monopolist would never rationally choose to produce on the inelastic portion of its demand curve.",Microeconomics,1,analytical,27,dataset_microeconomics.json
90d02ae40fa1,"How do the concepts of consumer surplus, producer surplus, and deadweight loss together provide a framework for evaluating the efficiency and distributional effects of government interventions like price controls, taxes, and subsidies?",Microeconomics,1,analytical,32,dataset_microeconomics.json
925c2922fdfa,What is 'equilibrium' in a market for goods and services?,Microeconomics,0,factual,10,dataset_microeconomics.json
9386744099bf,What price floor is imposed in the movie theater example?,Microeconomics,0,factual,10,dataset_microeconomics.json
95bf873ebb60,What is a 'patent' under U.S. law?,Microeconomics,0,factual,8,dataset_microeconomics.json
95e774228d95,How do technology improvements as a supply shifter compare to input price changes as a supply shifter?,Microeconomics,1,analytical,17,dataset_microeconomics.json
96eca9214140,What is 'quantity supplied' and how does it differ from supply?,Microeconomics,0,factual,11,dataset_microeconomics.json
9721f2e44fe0,"What was Microsoft's approximate market share in total computer software and services in 2014, as cited in the text?",Microeconomics,0,factual,19,dataset_microeconomics.json
991365b19136,"How do changes in market structure—from a regulated telephone monopoly to a competitive telecommunications market—illustrate the economic benefits of promoting competition in terms of price, quality, and the pace of innovation?",Microeconomics,1,analytical,33,dataset_microeconomics.json
9926ac2d0493,What is the 'equilibrium quantity' in a market?,Microeconomics,0,factual,8,dataset_microeconomics.json
9a1434edf6f5,What is 'average variable cost' (AVC) and how is it calculated?,Microeconomics,0,factual,11,dataset_microeconomics.json
9b920fbcf007,What is the difference between economic profit and normal (zero) profit in the context of market equilibrium?,Microeconomics,1,analytical,17,dataset_microeconomics.json
9c0145f43bb1,How does a legal monopoly differ from a natural monopoly in terms of how each arises and the role of government in each?,Microeconomics,1,analytical,23,dataset_microeconomics.json
9fa32cd110b5,How does a price ceiling set below equilibrium compare to a price ceiling set above equilibrium in its market effects?,Microeconomics,1,analytical,20,dataset_microeconomics.json
a21c4957a288,How does a firm's shutdown decision in the short run differ from its exit decision in the long run?,Microeconomics,1,analytical,19,dataset_microeconomics.json
a2845b53069d,What are 'variable costs' in production economics?,Microeconomics,0,factual,7,dataset_microeconomics.json
a3402fe195ff,How does average total cost (ATC) differ from average variable cost (AVC) in its role in firm decision-making?,Microeconomics,1,analytical,19,dataset_microeconomics.json
a376953338f8,How long does a U.S. patent grant exclusive legal rights to an inventor?,Microeconomics,0,factual,14,dataset_microeconomics.json
a3d9ae764877,"In Table 9.5, what is the average cost (AC) for HealthPill at Q=5?",Microeconomics,0,factual,15,dataset_microeconomics.json
a4151ca562d3,How does the market entry and exit process in perfect competition illustrate the broader economic principle that resources tend to flow toward their most highly valued uses over time?,Microeconomics,1,analytical,29,dataset_microeconomics.json
a58219a12a71,What is 'predatory pricing'?,Microeconomics,0,factual,4,dataset_microeconomics.json
a600813f6dd5,"After the $12 price floor in the movie theater example, to what level does quantity demanded fall?",Microeconomics,0,factual,17,dataset_microeconomics.json
a80bffa10e39,"How do changes in the demand for organic food driven by evolving consumer tastes, income growth, and greater availability interact with supply-side factors such as higher production costs and land conversion to explain persistently higher organic prices?",Microeconomics,1,analytical,38,dataset_microeconomics.json
a85b3663d63d,"How do intellectual property laws such as patents, trademarks, and copyrights serve as barriers to entry while simultaneously providing incentives for innovation, and what tradeoffs does this create between monopoly inefficiency and dynamic efficiency?",Microeconomics,1,analytical,34,dataset_microeconomics.json
abb0d6b97a0f,What is 'total surplus' and how does it relate to economic efficiency?,Microeconomics,0,factual,12,dataset_microeconomics.json
adb7697610f4,What is 'total cost' (TC) in production economics and how is it composed?,Microeconomics,0,factual,13,dataset_microeconomics.json
add58252c628,What is a 'copyright' according to U.S. law?,Microeconomics,0,factual,9,dataset_microeconomics.json
aed81d25bcf3,What is the relationship between the marginal cost curve and the firm's supply curve in perfect competition?,Microeconomics,0,factual,17,dataset_microeconomics.json
af7905dc6e85,"Between 2003 and 2019, how many trademarks were registered with the U.S. government?",Microeconomics,0,factual,14,dataset_microeconomics.json
b02c2756fb68,"According to Table 8.12, how many acres of corn were planted in North Dakota in 1972?",Microeconomics,0,factual,17,dataset_microeconomics.json
b08e12109b3c,In what year did the U.S. Department of Justice rule against American Express and Mastercard for imposing restrictions on retailers?,Microeconomics,0,factual,21,dataset_microeconomics.json
b11acb65175d,What is 'excess supply' (surplus) in microeconomics?,Microeconomics,0,factual,7,dataset_microeconomics.json
b1b3d1726499,"Compare the market structure of perfect competition to that of monopoly in terms of number of firms, product differentiation, and ease of entry.",Microeconomics,1,analytical,23,dataset_microeconomics.json
b1e68185a7cb,"Compare consumer surplus under perfect competition versus under monopoly, given the same underlying demand and cost conditions.",Microeconomics,1,analytical,17,dataset_microeconomics.json
b220cb386bcf,What is 'quantity demanded' and how does it differ from demand?,Microeconomics,0,factual,11,dataset_microeconomics.json
b2cb55737f13,What is the profit-maximizing output level for the HealthPill monopoly?,Microeconomics,0,factual,11,dataset_microeconomics.json
b2e2b51645e9,What does 'exit' mean in the context of long-run market dynamics?,Microeconomics,0,factual,12,dataset_microeconomics.json
b35ebc19f4c6,"In the organic apple price example, how much does an organic Fuji apple cost per pound?",Microeconomics,0,factual,16,dataset_microeconomics.json
b4ffb9153ba9,How do copyrights differ from patents in terms of what they protect and the duration of protection?,Microeconomics,1,analytical,17,dataset_microeconomics.json
b5c4f5a33161,Compare the break-even point and the shutdown point in a perfectly competitive firm in terms of what each implies for firm decision-making.,Microeconomics,1,analytical,24,dataset_microeconomics.json
b5f0681d6f08,How does a price floor set above equilibrium compare to a price floor set below equilibrium in its market effects?,Microeconomics,1,analytical,20,dataset_microeconomics.json
b65ac354e07a,At what price does the raspberry farm break even (earn zero economic profit)?,Microeconomics,0,factual,13,dataset_microeconomics.json
b7639ce88393,"In the Yoga Center Scenario 3, what are the revenues earned?",Microeconomics,0,factual,11,dataset_microeconomics.json
b7fa84626de3,What is 'total revenue' for a firm and how is it calculated?,Microeconomics,0,factual,12,dataset_microeconomics.json
b8ee8d7f0ef1,How does a government price control compare to a market-determined price in terms of efficiency and distribution of surplus?,Microeconomics,1,analytical,20,dataset_microeconomics.json
b8fc3c0e82a0,How does the marginal revenue curve for a monopolist compare to the market demand curve it faces?,Microeconomics,1,analytical,17,dataset_microeconomics.json
b8fdd0993b38,"Explain how the availability of close substitutes both limits a firm's monopoly power and influences the legal definition of the relevant market, using historical examples from the text such as DuPont cellophane, Microsoft, and Greyhound.",Microeconomics,1,analytical,35,dataset_microeconomics.json
b956bb699902,"How do the different types of intellectual property protection—patents, copyrights, trademarks, and trade secrets—create barriers to entry in different ways across industries, and what are the implications for market structure and consumer pricing?",Microeconomics,1,analytical,35,dataset_microeconomics.json
b97bac391241,"How do the concepts of fixed costs, variable costs, and the shutdown rule interact in the Yoga Center example to illustrate the general principle of short-run loss minimization for any firm?",Microeconomics,1,analytical,32,dataset_microeconomics.json
b9cf191509d1,How does the long-run equilibrium differ for a perfectly competitive market versus a monopoly market?,Microeconomics,1,analytical,16,dataset_microeconomics.json
ba7e5540429a,"How does the combination of high fixed costs, economies of scale, and limited market demand create conditions for natural monopoly in industries such as water supply, electricity distribution, and telecommunications?",Microeconomics,1,analytical,30,dataset_microeconomics.json
bae39b3fda55,"How do the factors that shift demand (income, tastes, substitute prices, complement prices, expectations, population) and the factors that shift supply (input prices, technology, regulations) collectively determine a new market equilibrium?",Microeconomics,1,analytical,31,dataset_microeconomics.json
bbdce56bd9af,"Using the economic principles of perfect competition, explain how the 'invisible hand' of market forces allocates resources without central direction, and what the social benefits and inherent limitations of this mechanism are.",Microeconomics,1,analytical,32,dataset_microeconomics.json
bc322cda8c69,What is the equilibrium quantity in the gasoline market example presented in the textbook?,Microeconomics,0,factual,14,dataset_microeconomics.json
be8acc6d971b,What share of the U.S. cellophane market did DuPont hold when the government filed the 1947 antitrust case?,Microeconomics,0,factual,19,dataset_microeconomics.json
c0f8a38a8914,How does the concept of consumer surplus before and after a price ceiling illustrate the tradeoff between equity and efficiency?,Microeconomics,1,analytical,20,dataset_microeconomics.json
c2619c03c0d9,Compare total social surplus (deadweight loss included) under perfect competition versus under monopoly.,Microeconomics,1,analytical,13,dataset_microeconomics.json
c28781baf457,What is the difference between a 'movement along the supply curve' and a 'shift in the supply curve'?,Microeconomics,0,factual,18,dataset_microeconomics.json
c4c399204e8c,"How do the demand and supply framework, equilibrium analysis, and the four-step process together provide a comprehensive analytical toolkit for predicting how markets will respond to a wide variety of economic shocks?",Microeconomics,1,analytical,33,dataset_microeconomics.json
c4f066a471fd,What is a 'demand schedule' in economics?,Microeconomics,0,factual,7,dataset_microeconomics.json
c5b0eb469da0,What is the 'equilibrium price' in a market?,Microeconomics,0,factual,8,dataset_microeconomics.json
c5d7f0480835,What are the fixed costs of the raspberry farm in the Chapter 8 example?,Microeconomics,0,factual,14,dataset_microeconomics.json
c64f1b2299a1,"According to U.S. Department of Agriculture data cited for December 2021, what average price did U.S. corn farmers receive per bushel?",Microeconomics,0,factual,23,dataset_microeconomics.json
c907e47a6744,"Using the concepts of market structure, barriers to entry, and efficiency, compare the social welfare implications of AT&T's telephone monopoly versus the competitive telecommunications market that followed the 1982 breakup.",Microeconomics,1,analytical,31,dataset_microeconomics.json
c958bbc830fc,How does a price change affect demand differently from an income change in terms of the graphical representation?,Microeconomics,1,analytical,18,dataset_microeconomics.json
c96a46ab88d9,What is meant by 'zero economic profit' in the context of long-run competitive equilibrium?,Microeconomics,0,factual,15,dataset_microeconomics.json
ca43792fe1a5,Compare the demand curve perceived by a perfectly competitive firm with the market demand curve.,Microeconomics,1,analytical,15,dataset_microeconomics.json
caadd89d4b83,"Explain how the principles of the shutdown point and the break-even point together define the boundaries of a firm's short-run and long-run operating decisions, and how these boundaries change with market price movements.",Microeconomics,1,analytical,36,dataset_microeconomics.json
ccf4c1e42dfc,In what year did the U.S. Supreme Court rule in favor of DuPont's broader market definition?,Microeconomics,0,factual,17,dataset_microeconomics.json
cd6c52d417d8,What is a 'supply schedule' in economics?,Microeconomics,0,factual,7,dataset_microeconomics.json
cdadca227243,"In the gasoline demand schedule (Table 3.1), what is the quantity demanded when the price is $1.60 per gallon?",Microeconomics,0,factual,21,dataset_microeconomics.json
ce49fafbb226,"In the Work It Out example (Tables 8.7–8.11), what is the given market price?",Microeconomics,0,factual,17,dataset_microeconomics.json
ce8d26fee91e,What is the 'shutdown point' in the context of a perfectly competitive firm?,Microeconomics,0,factual,13,dataset_microeconomics.json
cec299ad5138,What does 'entry' mean in the context of long-run market dynamics?,Microeconomics,0,factual,12,dataset_microeconomics.json
d0eddfe52903,What are the four main characteristics that define a perfectly competitive market?,Microeconomics,0,factual,12,dataset_microeconomics.json
d17af65f6c3c,"Using the concept of barriers to entry and the long-run equilibrium of perfect competition, explain why industries with very high initial capital requirements—such as aircraft manufacturing or nuclear power—naturally tend toward oligopoly or monopoly rather than perfect competition.",Microeconomics,1,analytical,41,dataset_microeconomics.json
d1e6593ee725,"How do consumer surplus and producer surplus differ in definition, and how do they together constitute social surplus?",Microeconomics,1,analytical,18,dataset_microeconomics.json
d2538be37c4e,"In the cheddar cheese market (Table 3.9), what is the equilibrium price per pound?",Microeconomics,0,factual,15,dataset_microeconomics.json
d2dbda654559,Compare the profit-maximizing rule (MR=MC) as it applies to a perfectly competitive firm versus a monopolist.,Microeconomics,1,analytical,18,dataset_microeconomics.json
d58a726a0c8f,"According to the supply schedule in Table 3.2, what is the quantity supplied of gasoline when the price is $1.00 per gallon?",Microeconomics,0,factual,24,dataset_microeconomics.json
d6da446701e5,What is 'allocative efficiency' as it pertains to monopoly behavior?,Microeconomics,0,factual,10,dataset_microeconomics.json
d8b4d4e3c336,How does short-run profit maximization behavior for a perfectly competitive firm compare to short-run profit maximization for a monopolist?,Microeconomics,1,analytical,21,dataset_microeconomics.json
d8c121555a13,"How do barriers to entry, monopoly pricing behavior (MR=MC below price), and deadweight loss work together to explain why monopolies produce less output and charge higher prices than competitive markets?",Microeconomics,1,analytical,31,dataset_microeconomics.json
d9ecdfcb455e,"Using the models of perfect competition and monopoly, explain why the pharmaceutical industry often faces regulatory challenges given the combined presence of patents on drugs, large fixed costs of R&D, and relatively inelastic demand for essential medications.",Microeconomics,1,analytical,38,dataset_microeconomics.json
da05c0eeeee3,"Compare entry barriers in the form of large advertising budgets to entry barriers in the form of patents, in terms of origin and legal status.",Microeconomics,1,analytical,25,dataset_microeconomics.json
dadf24d07de8,What is 'allocative efficiency' in economics?,Microeconomics,0,factual,6,dataset_microeconomics.json
db3844636ef3,What is a 'demand curve' and how is it constructed?,Microeconomics,0,factual,10,dataset_microeconomics.json
dbb139d9b97f,"Using the framework of demand and supply, consumer surplus, and deadweight loss, evaluate the economic effects of the East India Company's tea monopoly on American colonists and how it contributed to the political events of the colonial period.",Microeconomics,1,analytical,38,dataset_microeconomics.json
dce4e50fe6f6,What is a 'natural monopoly'?,Microeconomics,0,factual,5,dataset_microeconomics.json
dee652a47ed9,"How does the concept of 'market structure' encompass the number of firms, ease of entry, and product differentiation, and how do variations across the spectrum from perfect competition to monopoly affect price, quantity, and welfare?",Microeconomics,1,analytical,35,dataset_microeconomics.json
dfa2beee73a0,What is 'market demand' as distinct from the demand perceived by a single firm?,Microeconomics,0,factual,14,dataset_microeconomics.json
e02a40c73fa3,How does the concept of the 'zero-profit point' in perfect competition compare to the 'shutdown point' in terms of what each tells a firm?,Microeconomics,1,analytical,25,dataset_microeconomics.json
e041201689b0,"In the gasoline supply schedule (Table 3.2), what is the quantity supplied when the price is $1.80 per gallon?",Microeconomics,0,factual,21,dataset_microeconomics.json
e04ca722454e,How does the demand elasticity perceived by a perfectly competitive firm compare to the demand elasticity perceived by a monopolist?,Microeconomics,1,analytical,20,dataset_microeconomics.json
e04e038e3557,"In the bread market example (Table 3.11), what is the equilibrium price?",Microeconomics,0,factual,13,dataset_microeconomics.json
e0b7a21c545d,What is 'perfect competition' as a market structure in economics?,Microeconomics,0,factual,10,dataset_microeconomics.json
e107d9aabed9,What is 'average total cost' (ATC) and how is it calculated?,Microeconomics,0,factual,11,dataset_microeconomics.json
e14f557ce2e3,What is a 'price taker' in microeconomics?,Microeconomics,0,factual,7,dataset_microeconomics.json
e1ba56140b44,How does a rightward shift in supply compare to a rightward shift in demand in their effects on equilibrium price and quantity?,Microeconomics,1,analytical,22,dataset_microeconomics.json
e3955b1376bb,How does an increasing-cost industry differ from a decreasing-cost industry in terms of long-run equilibrium price?,Microeconomics,1,analytical,19,dataset_microeconomics.json
e3f07534074a,What is 'marginal cost' (MC) and how is it calculated?,Microeconomics,0,factual,10,dataset_microeconomics.json
e484b44be88b,"How do the factors that determine whether an industry is constant-cost, increasing-cost, or decreasing-cost interact with long-run market dynamics to shape the long-run supply curve and the steady-state equilibrium price?",Microeconomics,1,analytical,36,dataset_microeconomics.json
e5c652792027,"How do the characteristics of perfect competition—many firms, identical products, perfect information, and free entry and exit—work together to generate the long-run outcome of zero economic profit and maximum market efficiency?",Microeconomics,1,analytical,34,dataset_microeconomics.json
e7264a90104a,What is the equilibrium price in the gasoline market example presented in the textbook?,Microeconomics,0,factual,14,dataset_microeconomics.json
e78279846461,"How do the microeconomic concepts of marginal revenue, marginal cost, and profit maximization interact to explain both the similarities and differences between the output decisions of perfectly competitive firms and monopolists?",Microeconomics,1,analytical,31,dataset_microeconomics.json
e81592c62ff0,Compare the effects of rent control (a price ceiling) on landlords versus tenants in terms of surplus and allocation.,Microeconomics,1,analytical,19,dataset_microeconomics.json
e986632be07a,How does the long-run equilibrium price in a decreasing-cost industry compare to the initial equilibrium price before industry expansion?,Microeconomics,1,analytical,21,dataset_microeconomics.json
ea22c89f6ee4,"How do the concepts of fixed costs, variable costs, average variable cost, and the shutdown point interact to explain a firm's short-run survival strategy versus its long-run exit decision?",Microeconomics,1,analytical,31,dataset_microeconomics.json
eae01217da14,In what year did John Hicks win the Nobel Prize for Economics?,Microeconomics,0,factual,12,dataset_microeconomics.json
eafcff1a5fab,What were total U.S. organic food sales reported by the Organic Trade Association in 1990?,Microeconomics,0,factual,16,dataset_microeconomics.json
eb3fa9f8ae49,"In April 2013, what was the price gap between wheat and corn per bushel reported by Agweek?",Microeconomics,0,factual,17,dataset_microeconomics.json
eb43d906932e,"Explain how the four-step process for analyzing market changes integrates the demand schedule, supply schedule, and equilibrium concept to provide a systematic method for predicting the direction of price and quantity changes.",Microeconomics,1,analytical,33,dataset_microeconomics.json
eca1b3722987,"How do the four types of barriers to entry—natural monopoly, control of physical resources, legal monopoly, and intellectual property—differ in their origins, and how does each type interact with government policy in different ways?",Microeconomics,1,analytical,36,dataset_microeconomics.json
ed6a331343ea,"In Table 9.3, what is HealthPill's marginal cost of producing the 5th unit?",Microeconomics,0,factual,14,dataset_microeconomics.json
ee7958fe2b02,What is the profit-maximizing quantity in the Work It Out example?,Microeconomics,0,factual,12,dataset_microeconomics.json
eebb18a43c16,"How do the demand and supply framework, combined with the concept of economic surplus, explain why voluntary market transactions between buyers and sellers create social value and mutual gains from trade?",Microeconomics,1,analytical,31,dataset_microeconomics.json
f059d0beb9c6,"How does the concept of market equilibrium, combined with the theory of consumer and producer surplus, explain why both buyers and sellers benefit from voluntary transactions and why interference with the market price reduces social welfare?",Microeconomics,1,analytical,36,dataset_microeconomics.json
f0ccc03f5e74,What is a 'legal monopoly'?,Microeconomics,0,factual,5,dataset_microeconomics.json
f161176192d2,Compare productive efficiency outcomes between perfect competition and monopoly in the long run.,Microeconomics,1,analytical,13,dataset_microeconomics.json
f1ebf723ca39,"In Table 9.3, what is HealthPill's marginal revenue from selling the 1st unit?",Microeconomics,0,factual,14,dataset_microeconomics.json
f5a67f229edc,What is 'productive efficiency' in economics?,Microeconomics,0,factual,6,dataset_microeconomics.json
f78c04e9cc82,"According to Table 8.1, at what output levels does the raspberry farm earn its maximum profit of $90?",Microeconomics,0,factual,19,dataset_microeconomics.json
f78eefc22c6e,What is 'marginal profit' in economics?,Microeconomics,0,factual,6,dataset_microeconomics.json
f7d53ec64bda,"According to the demand schedule in Table 3.1, what is the quantity demanded of gasoline when the price is $2.20 per gallon?",Microeconomics,0,factual,24,dataset_microeconomics.json
f7fefdf8dd78,"Using the supply and demand framework, explain how simultaneous shifts in both supply and demand can lead to ambiguous outcomes for either price or quantity, and what additional information is needed to determine the direction of each change.",Microeconomics,1,analytical,38,dataset_microeconomics.json
f8e534758efb,"Using the demand and supply framework, analyze how a government subsidy to solar energy production would simultaneously affect the markets for solar panels, fossil fuels, and complementary goods such as electric vehicles.",Microeconomics,1,analytical,32,dataset_microeconomics.json
f8ffadb12b11,What is 'marginal revenue' in economics?,Microeconomics,0,factual,6,dataset_microeconomics.json
f913fc9216d5,What are 'complement goods' in economics?,Microeconomics,0,factual,6,dataset_microeconomics.json
f9808a8f396e,"Explain how a perfectly competitive firm's decision to produce where P=MC ensures allocative efficiency, using the concepts of marginal benefit, marginal cost, social surplus, and price as a social signal.",Microeconomics,1,analytical,31,dataset_microeconomics.json
fda1e53eb71b,Compare the conditions for market entry in a perfectly competitive market versus a monopoly.,Microeconomics,1,analytical,14,dataset_microeconomics.json
fdb293c8cba3,"What is the minimum average variable cost (shutdown price) for the raspberry farm, according to Table 8.6?",Microeconomics,0,factual,18,dataset_microeconomics.json
fe5318836d0e,How does a perfectly competitive firm's demand curve differ from a monopolist's demand curve?,Microeconomics,1,analytical,14,dataset_microeconomics.json
ff5a1f3c14f0,Compare the role of barriers to entry in monopoly versus perfect competition.,Microeconomics,1,analytical,12,dataset_microeconomics.json
ff6fc17535af,Compare the short-run and long-run outcomes for a perfectly competitive market following an increase in market demand.,Microeconomics,1,analytical,19,dataset_microeconomics.json
ffb0343e18b3,Compare fixed costs and variable costs in their roles in determining the break-even and shutdown decisions.,Microeconomics,1,analytical,17,dataset_microeconomics.json
ffef3a158c71,How does population growth as a demand shifter compare to income change as a demand shifter?,Microeconomics,1,analytical,16,dataset_microeconomics.json
fff11074dcb8,What is 'deregulation' in the context of market policy?,Microeconomics,0,factual,9,dataset_microeconomics.json
fff5f2e0e8fa,"In the bicycle market example (Table 3.8), what is the equilibrium price?",Microeconomics,0,factual,13,dataset_microeconomics.json
0130a7fcf4f4,"In what year did the February Revolution break out in Russia, leading to the abdication of Tsar Nicholas II?",World History,0,factual,19,dataset_world_history.json
01e48120f99a,"How did advances in radar technology, code-breaking (Enigma), computing (ENIAC), and medical science (penicillin, blood plasma) during WWII collectively transform both military capability and postwar civilian life?",World History,1,analytical,28,dataset_world_history.json
03d502b9b2f2,"What is blitzkrieg, and what combination of military elements did it involve?",World History,0,factual,12,dataset_world_history.json
048ef1945251,What year did Germany withdraw from the League of Nations following Hitler's referendum?,World History,0,factual,13,dataset_world_history.json
04acc984940b,"What was the German-Soviet Nonaggression Pact, and what secret provisions did it contain?",World History,0,factual,14,dataset_world_history.json
04e6de09d7ac,"What is the term 'shell shock,' and how does it relate to modern psychological diagnoses?",World History,0,factual,15,dataset_world_history.json
053bbdbe7409,How many people were killed and injured in the Pearl Harbor attack combined?,World History,0,factual,13,dataset_world_history.json
0676ae383274,"What percentage of gas-related deaths in WWI were caused by phosgene gas, according to historians?",World History,0,factual,16,dataset_world_history.json
06c45711e89e,"How did the Japanese attack on Pearl Harbor simultaneously transform the United States' domestic politics, its military posture, and its relationship with its Asian and European allies in WWII?",World History,1,analytical,29,dataset_world_history.json
06c787dc852f,"How did the combination of Japan's 'gyokusai' culture, kamikaze tactics, and civilian suicide at Okinawa inform U.S. estimates of invasion casualties, and how did this reasoning shape Truman's decision to use the atomic bomb?",World History,1,analytical,35,dataset_world_history.json
06da137de00f,"Compare the Eastern Front and Western Front of WWI. How did geography, tactics, and outcomes differ between the two theaters?",World History,1,analytical,20,dataset_world_history.json
07afa4f8ad2b,"How did the experiences of the two world wars together reshape the concept of international law, from the creation of war crimes tribunals to the prohibition of genocide and the founding of the United Nations?",World History,1,analytical,35,dataset_world_history.json
0896e1d751f8,"What was Plan D ('Europe First'), and why did U.S. military planners adopt it?",World History,0,factual,15,dataset_world_history.json
08d446f4d08f,When was the atomic bomb first successfully tested in the Trinity Test in New Mexico?,World History,0,factual,15,dataset_world_history.json
0a744a29af38,"How did the February Revolution, the October Revolution, and the Treaty of Brest-Litovsk together transform the trajectory of WWI in ways that shaped the global political order for decades?",World History,1,analytical,30,dataset_world_history.json
0b4923402685,"How did Germany's invasion of the Soviet Union, the siege of Leningrad, and the Battle of Stalingrad collectively reshape the entire strategic balance of WWII in Europe, and what role did logistics play?",World History,1,analytical,33,dataset_world_history.json
0d5b9905d147,"How did rationing policies in Britain during WWI compare to those implemented during WWII? What was rationed, and how severe were shortages in each war?",World History,1,analytical,25,dataset_world_history.json
0d981cf20a2e,"Synthesize the roles of Charles de Gaulle's Free France, partisan movements in Yugoslavia, the Soviet Red Army, and Allied landings in Italy in demonstrating how resistance and coalition warfare gradually turned the tide against Germany.",World History,1,analytical,35,dataset_world_history.json
0f4b29a44927,"What was the Kindertransport, and how many children did it save?",World History,0,factual,11,dataset_world_history.json
0fc5366a4843,Who was the nineteen-year-old Bosnian Serb who shot Archduke Franz Ferdinand and his wife Sophie?,World History,0,factual,17,dataset_world_history.json
12018c1b240c,"How did the postwar constitutions imposed on Germany and Japan by the Allies reflect the specific lessons each occupying power drew from WWII, and to what extent did those constitutions succeed in preventing future militarism?",World History,1,analytical,35,dataset_world_history.json
123b73afd6b0,"What was the Lend-Lease Act, and which countries benefited most from it?",World History,0,factual,13,dataset_world_history.json
128301a5de78,Compare the experience of Japanese Americans interned during WWII with the treatment of German Americans suspected of disloyalty during WWI.,World History,1,analytical,20,dataset_world_history.json
12a0b568e9c0,How did the 'Rape of Belgium' in WWI compare to the 'Rape of Nanjing' in WWII as events that shaped international perceptions of an aggressor nation?,World History,1,analytical,26,dataset_world_history.json
131e34044d26,Compare the political consequences of the armistice of 1918 for Germany with the consequences of Japan's unconditional surrender in 1945.,World History,1,analytical,20,dataset_world_history.json
157a14b7f447,"What was the Warsaw Ghetto, and how many people were held there by 1941?",World History,0,factual,14,dataset_world_history.json
15d4c5b40f75,How many Russian prisoners did Germany capture at the Battle of Tannenberg?,World History,0,factual,12,dataset_world_history.json
15e618b4b08d,In what year did the United States impose an oil and gas embargo on Japan?,World History,0,factual,15,dataset_world_history.json
162376b6a90f,"How did the economic, political, and cultural effects of WWI's home front—rationing, propaganda, censorship, women's labor, and political radicalism—lay the groundwork for the interwar crises of the 1920s?",World History,1,analytical,30,dataset_world_history.json
16bf9c788282,"By 1917, approximately what percentage of the world's merchant ships had German U-boats destroyed?",World History,0,factual,15,dataset_world_history.json
17d25c48364b,"What was the Maginot Line, and why did it fail to protect France from Germany's invasion?",World History,0,factual,16,dataset_world_history.json
18db229f06fe,"What was the Tripartite Pact, and which three countries formed the Axis under it?",World History,0,factual,14,dataset_world_history.json
1912c4a7ad5c,"What was the Yalta Conference, and what were its three main outcomes?",World History,0,factual,12,dataset_world_history.json
1bb1a488d4c3,"How did the postwar occupations of Germany and Japan by the Allies pursue demilitarization, democratization, and economic rebuilding simultaneously, and which country's reconstruction proved more durable?",World History,1,analytical,26,dataset_world_history.json
1c8048e71df7,"What is the 'Concert of Europe,' and what role did it play in maintaining stability in the nineteenth century?",World History,0,factual,19,dataset_world_history.json
1d3ebd32125d,"How did Germany's submarine warfare differ in WWI versus WWII in terms of targets, restrictions, and impact on neutral nations?",World History,1,analytical,20,dataset_world_history.json
1d9e07585e48,"What is the Munich Pact, and why did Britain and France agree to it?",World History,0,factual,14,dataset_world_history.json
1ff09204ea6f,"What is the concept of 'unconditional surrender,' and how was it central to Allied war aims?",World History,0,factual,16,dataset_world_history.json
2204c26b59e5,What was the date of the D-Day invasion at Normandy?,World History,0,factual,11,dataset_world_history.json
24a5a211e216,"Synthesize the ways in which the two world wars, despite their devastating costs, accelerated social change for women—in terms of voting rights, workforce participation, and political identity—in Europe and North America.",World History,1,analytical,33,dataset_world_history.json
251d78a96c9e,Compare the scientific contributions of the Manhattan Project with Britain's code-breaking efforts at Bletchley Park. How did each contribute to Allied victory?,World History,1,analytical,23,dataset_world_history.json
25254c6051ac,"What is the Munich Pact's concept of appeasement, and how did it fail to prevent WWII?",World History,0,factual,16,dataset_world_history.json
26a98c7193ee,"Analyze how Operation Barbarossa, the German four-year economic plan, and the Soviet relocation of factories east of the Urals together illustrate the critical importance of industrial production in determining WWII's outcome.",World History,1,analytical,32,dataset_world_history.json
27e47e3e0d7a,"What was the Wannsee Conference, and why is it significant in understanding the Holocaust?",World History,0,factual,14,dataset_world_history.json
283671188e16,"Analyze how the Holocaust required the cooperation of military forces, civilian bureaucracies, railway systems, and ordinary citizens across multiple countries, and what this reveals about the role of institutions in enabling genocide.",World History,1,analytical,32,dataset_world_history.json
298c052a5b21,"How did the causes of WWI compare to the causes of WWII? What similarities and differences exist in the roles of nationalism, imperialism, and alliance systems?",World History,1,analytical,26,dataset_world_history.json
29d85fc3a1f3,"Synthesize how the combination of total war, strategic bombing, and the atomic bomb transformed the relationship between civilians and warfare, blurring the line between combatants and non-combatants.",World History,1,analytical,28,dataset_world_history.json
2a1066a3d727,"What is the National Eugenics Law that Japan passed in 1940, and what did it prohibit?",World History,0,factual,16,dataset_world_history.json
2ac44f09f751,"What was the Manhattan Project, and at which sites was it carried out?",World History,0,factual,13,dataset_world_history.json
2e6c943e1f8b,"In what year was the United Nations established, and in what city?",World History,0,factual,12,dataset_world_history.json
3004f8152234,How did Russia's capacity to fight in WWI compare to its capacity under Soviet leadership in WWII?,World History,1,analytical,17,dataset_world_history.json
3114e89a3180,"What is pan-Slavic nationalism, and how did it influence events in the Balkans before WWI?",World History,0,factual,16,dataset_world_history.json
34a4c389e2fc,Compare Soviet women's frontline combat roles with U.S. women's industrial roles ('Rosie the Riveter') during WWII.,World History,1,analytical,17,dataset_world_history.json
351a92ceeda6,"What is the 'gyokusai' slogan, and how did it reflect Japanese military culture in WWII?",World History,0,factual,15,dataset_world_history.json
35d8ee02e847,"Synthesize the ways in which WWI and WWII together permanently altered the global balance of power, dismantling the European empires and enabling the rise of the United States and the Soviet Union as superpowers.",World History,1,analytical,34,dataset_world_history.json
379c0bc78c31,"Analyze the relationship between economic depression, political extremism, and military aggression in the 1930s by synthesizing events in Germany, Japan, and Italy.",World History,1,analytical,22,dataset_world_history.json
383186f4588e,"By the second day of D-Day, approximately how many Allied troops had linked up in a continuous line?",World History,0,factual,19,dataset_world_history.json
398d3eddbbc3,Compare the Allied strategy of 'Europe First' with the simultaneous operations in the Pacific. How were resources allocated between the two theaters?,World History,1,analytical,22,dataset_world_history.json
39f3690645c0,"How did the Final Solution (WWII) compare with the Armenian Genocide (WWI) in terms of state organization, scale, and international response?",World History,1,analytical,21,dataset_world_history.json
3a4ff472ffcb,"What was the Declaration on Liberated Europe, and what did the Big Three commit to?",World History,0,factual,15,dataset_world_history.json
3b9f2ba29cf2,"Compare Mussolini's Italy with Hitler's Germany as fascist regimes. How did each come to power, and how did each fare militarily?",World History,1,analytical,21,dataset_world_history.json
3c69369ff630,"How did the intersection of colonialism, racism, and wartime military strategy determine which populations bore the heaviest burdens of labor and death in both WWI and WWII?",World History,1,analytical,27,dataset_world_history.json
3c9c9cc1775d,How many people were killed immediately when 'Fat Man' was dropped on Nagasaki?,World History,0,factual,13,dataset_world_history.json
3e1b29e17786,"Compare the role of air power in WWI (reconnaissance, dogfights) with its decisive role in WWII (strategic bombing, Pearl Harbor, Battle of Britain).",World History,1,analytical,23,dataset_world_history.json
3f0ae0b57f7e,How did the Yalta Conference agreements compare to the Potsdam Conference agreements regarding the division of Europe?,World History,1,analytical,17,dataset_world_history.json
3f2c58be4cc1,How much restitution did Japan pay the United States after sinking the USS Panay gunboat?,World History,0,factual,15,dataset_world_history.json
40ef612f0fe4,"What is the Holocaust, and what was the scale of its destruction?",World History,0,factual,12,dataset_world_history.json
410e914ce14b,"What is a 'blank check' in diplomacy, and how did Germany's blank check to Austria-Hungary contribute to WWI?",World History,0,factual,19,dataset_world_history.json
41fbbf6cd6b1,"What is the Sykes-Picot Agreement, and what were its main provisions?",World History,0,factual,12,dataset_world_history.json
439ce037afb1,Compare Germany's military strategies on the Eastern Front in both WWI and WWII. How did the Russian winter affect operations in each conflict?,World History,1,analytical,23,dataset_world_history.json
44d397574433,What was the total number of soldiers who died in WWI across all nations?,World History,0,factual,14,dataset_world_history.json
452675090175,"Synthesize the political, military, and humanitarian consequences of the Sykes-Picot Agreement, the Balfour Declaration, and the Arab Revolt to explain the roots of ongoing conflicts in the Middle East.",World History,1,analytical,30,dataset_world_history.json
45e5093ecb42,"Analyze how the atomic bombing of Japan, the revelations of the Holocaust, and the formation of the United Nations together marked a fundamental transformation in global ethics, international law, and the nature of sovereignty after 1945.",World History,1,analytical,36,dataset_world_history.json
468187d752c5,"How did the experiences of industrial workers, women, colonial subjects, and political dissidents on the home front during WWI reshape postwar political movements, suffrage campaigns, and calls for independence?",World History,1,analytical,29,dataset_world_history.json
47039e361855,"Under the Treaty of Brest-Litovsk (1918), which territories did Russia give up to the Central powers?",World History,0,factual,17,dataset_world_history.json
47331eca4784,How many soldiers were in Germany's active military force at the outbreak of WWI?,World History,0,factual,14,dataset_world_history.json
4975430fa720,How many days did the siege of Leningrad last?,World History,0,factual,9,dataset_world_history.json
49ff9e5e088c,"What was the Einsatzgruppen, and what was their specific function in Nazi-occupied territories?",World History,0,factual,14,dataset_world_history.json
4a7e34427d1d,Compare Germany's four-year economic plan with the Soviet Union's centrally commanded economy in terms of how each nation prepared for and sustained war production.,World History,1,analytical,25,dataset_world_history.json
4aecc2895cb9,What were the approximate casualties suffered by France at the Battle of Verdun (1916)?,World History,0,factual,14,dataset_world_history.json
4bdf50c71600,"How did the interaction of anti-Semitic propaganda, legal discrimination (Nuremberg Laws), Kristallnacht, and the Wannsee Conference represent a systematic escalation that ultimately produced the Final Solution?",World History,1,analytical,27,dataset_world_history.json
4c5d07b0a9ed,"What is the concept of 'Lebensraum,' and how did it influence German foreign policy?",World History,0,factual,14,dataset_world_history.json
4caa08ad19c2,"Analyze how Germany's failure to secure oil—whether from Romania, the Soviet Caucasus, or the Middle East—ultimately crippled its ability to sustain the war effort, and what role oil played in overall strategic planning for both sides.",World History,1,analytical,38,dataset_world_history.json
4ceea1c1fd4a,Compare Germany's treatment of civilians in Belgium during WWI with Germany's treatment of civilians in occupied Europe during WWII.,World History,1,analytical,19,dataset_world_history.json
4cf714bbd75c,"How did the home front experience differ between WWI and WWII for civilians in Britain? Consider rationing, women's roles, and bombing.",World History,1,analytical,21,dataset_world_history.json
4e3518927bb3,What is the concept of 'denazification' as applied in the postwar Nuremberg context?,World History,0,factual,13,dataset_world_history.json
4eaba175db81,"What was the unemployment rate in the United States in 1939, and how low did it drop by 1943?",World History,0,factual,19,dataset_world_history.json
4ec61f899d28,"Compare the Gallipoli campaign of WWI with the Normandy D-Day invasion of WWII in terms of strategic goals, planning, and outcome.",World History,1,analytical,22,dataset_world_history.json
4edbaeeb9e76,"Analyze how the combination of propaganda, censorship, and controlled information shaped public understanding of the war in authoritarian states (Nazi Germany, Imperial Japan, Stalinist USSR) differently from democratic ones (Britain, United States).",World History,1,analytical,32,dataset_world_history.json
4f478cff8bf7,Analyze how the wartime decisions made at the Bretton Woods Conference (1944) on international monetary cooperation reflect the determination of Allied leaders to prevent the economic collapse that had fueled the rise of fascism in the 1930s.,World History,1,analytical,37,dataset_world_history.json
509cacdab38b,How many Japanese aircraft carriers were lost at the Battle of Midway in June 1942?,World History,0,factual,15,dataset_world_history.json
52d1615cd316,"Analyze how the collapse of the Ottoman Empire, the Sykes-Picot Agreement, and the Balfour Declaration together created a political landscape in the Middle East that generated conflicts persisting into the twenty-first century.",World History,1,analytical,34,dataset_world_history.json
5310a0c9c78c,"In what city was the signing of the Treaty of Versailles, which ended WWI, held?",World History,0,factual,15,dataset_world_history.json
53238a60920e,"What were the Nuremberg Trials, and which categories of crimes were prosecuted?",World History,0,factual,12,dataset_world_history.json
53f0af7b1e12,"In what year did Germany and Austria-Hungary go to war, resulting in Prussia annexing several German states?",World History,0,factual,18,dataset_world_history.json
54e07bb18645,"In the first two days of Operation Barbarossa, how many Soviet planes were destroyed on the ground?",World History,0,factual,17,dataset_world_history.json
54ec81b3ad3d,"How did Japan's wartime treatment of women (comfort women, motherhood incentives) compare with Germany's Nazi policies toward women?",World History,1,analytical,18,dataset_world_history.json
550d47a42bf4,"What was the Potsdam Conference, and how did it plan to divide postwar Germany?",World History,0,factual,14,dataset_world_history.json
55bb0ac84e3c,"Analyze how the wartime experience of rationing, industrial mobilization, and women's labor in the Soviet Union, the United States, and Britain both reflected and challenged existing social hierarchies.",World History,1,analytical,28,dataset_world_history.json
56cc6d2bcbcf,Compare the scope of destruction in French and Belgian cities during WWI with the Allied bombing of German and Japanese cities in WWII.,World History,1,analytical,23,dataset_world_history.json
573de4d11b4f,Compare the Russian Revolution's impact on WWI with the Soviet Union's role in WWII. How did Russia's internal politics affect each war's outcome?,World History,1,analytical,23,dataset_world_history.json
57ea01b2e401,How did the Middle East as a theater of war in WWI compare to its role in WWII? What resources were at stake in each conflict?,World History,1,analytical,26,dataset_world_history.json
5a600238a6cd,"What is the concept of denazification, as applied to Germany after WWII?",World History,0,factual,12,dataset_world_history.json
5cdfdecee62f,"What was Operation Husky, and what was its strategic purpose in WWII?",World History,0,factual,12,dataset_world_history.json
5ceb25e5c76a,In what month and year did the British introduce tanks on the battlefield for the first time?,World History,0,factual,17,dataset_world_history.json
5cfd26d60486,"How did the role of India in supporting British war efforts differ between WWI and WWII? Compare contributions, expectations, and political consequences.",World History,1,analytical,22,dataset_world_history.json
5e885069e39d,How did Britain's volunteer military system compare with Germany's conscription-based army at the outset of WWI in terms of size and readiness?,World History,1,analytical,23,dataset_world_history.json
60026f950eef,How many Canadian soldiers were killed at the Battle of Vimy Ridge in April 1917?,World History,0,factual,15,dataset_world_history.json
604afc2c91fd,What were the total deaths in the Soviet Union due to WWII (military and civilian)?,World History,0,factual,15,dataset_world_history.json
611cfd923e15,"How did the combination of Japan's surprise attack on Pearl Harbor, its mistreatment of Allied prisoners of war on the Bataan Death March, and its use of kamikaze tactics shape American attitudes toward the Japanese enemy and influence decisions about how to end the Pacific War?",World History,1,analytical,46,dataset_world_history.json
619bfb7885f3,"How did the combined effect of the Armenian Genocide (WWI), the Holocaust (WWII), and other mass atrocities of the twentieth century eventually produce the 1948 UN Convention on the Prevention and Punishment of the Crime of Genocide?",World History,1,analytical,37,dataset_world_history.json
61d9938cf775,What were the total casualties from both sides at the Gallipoli campaign?,World History,0,factual,12,dataset_world_history.json
62a779ed141e,"Synthesize the roles of propaganda, cultural suppression, economic exploitation, and military violence in Japan's administration of the Greater East Asia Co-Prosperity Sphere, and explain why resistance movements emerged.",World History,1,analytical,29,dataset_world_history.json
634e4bcd3f5c,"What was the Battle of Stalingrad, and why is it considered a turning point of WWII?",World History,0,factual,16,dataset_world_history.json
639639d8010d,"What is the Triple Alliance, and which countries formed it?",World History,0,factual,10,dataset_world_history.json
64df04321c52,"What was the Battle of Britain, and what technology gave the RAF an advantage over the Luftwaffe?",World History,0,factual,17,dataset_world_history.json
66c9977d9783,"Compare the socialists' response to WWI in France, Germany, and Russia. How did each socialist movement navigate the tension between internationalism and nationalism?",World History,1,analytical,23,dataset_world_history.json
66e08b0fa07e,Compare the civilian death tolls of WWI with those of WWII. What accounts for the dramatic increase in civilian casualties in the second conflict?,World History,1,analytical,24,dataset_world_history.json
66eb388b7edd,"Analyze how the combination of new military technologies (machine guns, gas, artillery, submarines, aircraft) and outdated military tactics produced the horrific casualties characteristic of WWI.",World History,1,analytical,25,dataset_world_history.json
677306c6976a,"Analyze how the interplay of military defeat, food shortages, and domestic unrest in Germany in 1917–1918 mirrors—and differs from—the same dynamics in Japan in 1944–1945.",World History,1,analytical,29,dataset_world_history.json
67748cc2b79b,How many Jewish people and members of other minority groups were murdered in the Holocaust?,World History,0,factual,15,dataset_world_history.json
684df6855e1c,"Synthesize the political, psychological, and symbolic significance of the Nuremberg and Tokyo war crimes trials for both the victor nations and the defeated populations, and assess whether they achieved justice.",World History,1,analytical,30,dataset_world_history.json
692cd87fa483,"What is the concept of 'demilitarization,' as applied to Japan after WWII?",World History,0,factual,12,dataset_world_history.json
6a23c69b542d,"What was the Easter Rising, and what were the goals of the Irish nationalists involved?",World History,0,factual,15,dataset_world_history.json
6a3049ab243c,"How did resistance movements in Yugoslavia under Tito compare to the Warsaw Ghetto Uprising in terms of organization, leadership, and outcome?",World History,1,analytical,21,dataset_world_history.json
6a942a6fe0cf,"What is the 'Quit India' movement, and who led it?",World History,0,factual,10,dataset_world_history.json
6b071f8402bf,What was the size of the British Expeditionary Force that arrived in France in August 1914?,World History,0,factual,16,dataset_world_history.json
6c4ede3133b3,How did the collapse of Russia's tsarist government (WWI) compare to the collapse of Japan's military government structure following WWII?,World History,1,analytical,20,dataset_world_history.json
6c685e241df4,"What was the Percentages Agreement, and what territories did it divide between Britain and the Soviet Union?",World History,0,factual,17,dataset_world_history.json
6f393846cc45,How many casualties did Russia suffer during WWI?,World History,0,factual,8,dataset_world_history.json
6f86c1d45585,"How many ships participated in the Battle of Jutland, the only major surface naval engagement of WWI?",World History,0,factual,17,dataset_world_history.json
70919dc0b2ba,On what date did Japanese forces enter and begin their reign of terror in Nanjing?,World History,0,factual,15,dataset_world_history.json
721b16b1968a,Compare the roles of women in the workforce during WWI and WWII. In what ways did each conflict expand or limit women's economic participation?,World History,1,analytical,24,dataset_world_history.json
72452214fbf9,How many people were prosecuted under the U.S. Sedition Act of 1918?,World History,0,factual,13,dataset_world_history.json
72bbaac8fc9f,"How did the use of new technology in WWI (tanks, poison gas, submarines) compare to WWII technological innovations (atomic bomb, radar, computers)?",World History,1,analytical,22,dataset_world_history.json
72c4c65622d2,How many Chinese laborers were brought to Europe during WWI to repair equipment and dig trenches?,World History,0,factual,16,dataset_world_history.json
7427c643ca42,"Using evidence from military campaigns in France, the Caucasus, the Alps, and the Middle East, explain how geography fundamentally shaped the nature and outcome of WWI across different theaters.",World History,1,analytical,29,dataset_world_history.json
742ed1979eb6,How did the Japanese occupation of Southeast Asia differ from European colonial rule in the same region? What promises did Japan make and fail to keep?,World History,1,analytical,26,dataset_world_history.json
74f600ac6a19,Analyze how the Allied powers' wartime alliances—particularly the Anglo-American 'special relationship' and the uneasy alliance with Stalin's Soviet Union—both enabled Allied victory and sowed the seeds of postwar rivalry.,World History,1,analytical,32,dataset_world_history.json
7620e73b12a4,"What is the 'sick man of Europe,' and why was this label applied to the Ottoman Empire?",World History,0,factual,17,dataset_world_history.json
762f0d6f3c7f,How did the Zimmermann Telegram (WWI) compare to Germany's diplomatic overtures to Japan before WWII as attempts to distract or neutralize the United States?,World History,1,analytical,24,dataset_world_history.json
7652aff5a84b,"What is the War Industries Board (WIB), and why was it significant for the U.S. war effort?",World History,0,factual,18,dataset_world_history.json
776063b22475,"What is the concept of a 'war crimes trial,' as it emerged after WWII?",World History,0,factual,14,dataset_world_history.json
77b2fc5b05e3,"How did the wartime mobilization of science and technology—from the Enigma machine to the Manhattan Project—reshape the relationship between governments, universities, and the private sector in ways that outlasted the war?",World History,1,analytical,33,dataset_world_history.json
7827844f42e6,"What was the Bretton Woods Conference, and what two institutions did it create?",World History,0,factual,13,dataset_world_history.json
78848315c56a,"How did the experiences of African Americans during WWI—in segregated military units, labor units, and on the home front—compare with their expanded but still-limited roles in WWII, and what does this reveal about the limits of wartime progress on racial equality?",World History,1,analytical,44,dataset_world_history.json
7aae68d5b23c,"What is ENIAC, and what was its original military purpose?",World History,0,factual,10,dataset_world_history.json
7bcb9e605a75,"On what exact date and time did the WWI armistice take effect, ending the fighting?",World History,0,factual,15,dataset_world_history.json
7cd0a0bc202e,How many casualties did Austria-Hungary suffer during the siege of Przemyśl and surrounding fighting?,World History,0,factual,16,dataset_world_history.json
7ea1ad65db4e,Compare the experiences of African American soldiers in WWI's segregated units with the experiences of Black soldiers in WWII. Did conditions improve?,World History,1,analytical,22,dataset_world_history.json
7f4317a7b624,"How did the Neutrality Acts, the Lend-Lease Act, and the Atlantic Charter together chart the evolution of U.S. foreign policy from isolationism to global engagement in the period 1935–1941?",World History,1,analytical,32,dataset_world_history.json
8024056198b7,"What were 'aces' in WWI aerial combat, and why were they celebrated?",World History,0,factual,12,dataset_world_history.json
806c0a1630df,"What was 'island-hopping,' and how did the United States use this strategy in the Pacific theater?",World History,0,factual,17,dataset_world_history.json
83731538e2d5,How did the Paris Peace Conference of 1919 compare to the Potsdam and Yalta Conferences of 1945 in terms of fairness to defeated nations?,World History,1,analytical,24,dataset_world_history.json
839a08f624fe,"How did Japan's colonial policies in Korea, Manchuria, and Southeast Asia—including comfort women, forced labor, and puppet regimes—contradict its stated goal of 'liberating Asia from Western colonialism'?",World History,1,analytical,29,dataset_world_history.json
8491eec4cab9,How many people were killed instantly when the atomic bomb 'Little Boy' was dropped on Hiroshima?,World History,0,factual,16,dataset_world_history.json
84f283cb160c,"What is the kamikaze strategy, and what was the purpose of suicide pilots in Japan's defense?",World History,0,factual,16,dataset_world_history.json
897ac429c9da,How many U.S. citizens died when the Lusitania was sunk in May 1915?,World History,0,factual,14,dataset_world_history.json
89c0b15841ba,"What was Operation Barbarossa, and what were Hitler's main strategic objectives in launching it?",World History,0,factual,14,dataset_world_history.json
8a32c2c6e829,"How did the interplay of socialist ideology, nationalist sentiment, and wartime hardship produce different political outcomes in Russia (Bolshevik Revolution), Germany (Weimar Republic), and Italy (fascism) after WWI?",World History,1,analytical,28,dataset_world_history.json
8aa86b25e196,"What is Executive Order 9066, and what did it authorize the U.S. government to do?",World History,0,factual,16,dataset_world_history.json
8b470012ded3,"Analyze the role of racial ideology in shaping military policies and atrocities in WWI (Armenian Genocide, African porter deaths) and WWII (Holocaust, Japanese internment, comfort women).",World History,1,analytical,26,dataset_world_history.json
8c623871ce43,"How did the Yalta Conference decisions regarding Poland, Germany's occupation zones, and Soviet participation in the Pacific war simultaneously reflect Allied unity and plant the seeds of Cold War tensions?",World History,1,analytical,30,dataset_world_history.json
8ca6a1d2eac4,How did the U.S. approach to neutrality differ between WWI and WWII? What factors eventually brought the U.S. into each conflict?,World History,1,analytical,23,dataset_world_history.json
8cf7bba5a2fe,"How did the combination of scientific innovation, industrial mobilization, and strategic bombing in WWII reveal both the extraordinary capacity and the profound ethical dangers of harnessing national science and industry for warfare?",World History,1,analytical,32,dataset_world_history.json
8d0ac2b65b2e,How did the treatment of prisoners of war differ between the Western Front (WWI) and the Pacific Theater (WWII)?,World History,1,analytical,19,dataset_world_history.json
8db5fd3daa09,Analyze the ways in which the Jewish experience during WWII—from legal discrimination and forced emigration to the ghettos and death camps—illustrates the escalating logic of genocide when not effectively challenged.,World History,1,analytical,32,dataset_world_history.json
8e151a421062,Compare the psychological impact of WWI ('shell shock') on soldiers with the broader civilian psychological trauma documented in WWII bombing campaigns.,World History,1,analytical,21,dataset_world_history.json
8e8fc632f4a8,How many Chinese women and girls did foreign witnesses in Nanjing estimate were raped?,World History,0,factual,14,dataset_world_history.json
90bcffcfe814,How did the treatment of women—from their mobilization in factories and the military to policies controlling their reproductive roles—reveal the contradictions between wartime necessity and patriarchal ideology in WWII belligerent nations?,World History,1,analytical,33,dataset_world_history.json
9101ee5d1de0,"In what year was the Triple Entente formally created between Russia, France, and Britain?",World History,0,factual,14,dataset_world_history.json
914c214086eb,How many children were evacuated from London during the German blitz?,World History,0,factual,11,dataset_world_history.json
918232ac01d2,"What is 'isolationism,' and how did it shape U.S. foreign policy before entering WWI?",World History,0,factual,15,dataset_world_history.json
91daf585c028,"What were the Neutrality Acts passed by the U.S. Congress, and what did they forbid?",World History,0,factual,16,dataset_world_history.json
91e83cde6708,How many German soldiers died each day on the Western Front during WWI on average?,World History,0,factual,15,dataset_world_history.json
925c1a9a032b,"Compare the economic mobilization of the United States in WWI versus WWII. Which was more extensive, and what new institutions were created in each?",World History,1,analytical,24,dataset_world_history.json
92f93d7194a4,"How did the Allied decision to pursue 'Europe First' while still fighting Japan in the Pacific require an unprecedented level of industrial, logistical, and diplomatic coordination, and what were the consequences when that coordination broke down?",World History,1,analytical,36,dataset_world_history.json
936edb20c0cc,How did Germany's 'blank check' to Austria-Hungary (WWI) compare to the Tripartite Pact (WWII) as instruments of military alliance?,World History,1,analytical,20,dataset_world_history.json
95690be6b9b5,"Synthesize the technological, strategic, and human dimensions of the Battle of Britain to explain why Hitler ultimately failed to subdue Britain in 1940 and what consequences this failure had for the outcome of WWII.",World History,1,analytical,34,dataset_world_history.json
9586cd1b60f7,"How did technological innovation in the fields of weaponry, communications, medicine, and transportation simultaneously increase the destructive capacity of WWI while also creating new forms of care and survival for soldiers?",World History,1,analytical,31,dataset_world_history.json
96b5e9879f45,"How many civilians, including women and children, were killed by German troops during the invasion of Belgium?",World History,0,factual,17,dataset_world_history.json
9761010aa195,Compare the fates of ethnic and religious minorities in the Ottoman Empire during WWI with the fates of minorities under Nazi rule in WWII.,World History,1,analytical,24,dataset_world_history.json
976f6456269f,"How did the use of poison gas in WWI compare to Germany's use of gas in Holocaust death camps during WWII in terms of scale, intent, and moral legacy?",World History,1,analytical,29,dataset_world_history.json
9a4080128c83,How many forced laborers from different countries fell under German control during WWII?,World History,0,factual,13,dataset_world_history.json
9ae5cdc71e19,"What is 'no-man's-land,' and what characterized this zone on the Western Front?",World History,0,factual,14,dataset_world_history.json
9afa2e42a0f2,"What is the Munich Analogy, and how has it been used in international diplomacy since WWII?",World History,0,factual,16,dataset_world_history.json
9b44fd99b6c4,How many civilian and military casualties did the United States suffer at Pearl Harbor?,World History,0,factual,14,dataset_world_history.json
9b8d0ec7ec1b,What was the name of the new class of British warship that debuted in 1906 and revolutionized naval warfare?,World History,0,factual,19,dataset_world_history.json
9b8e82c37471,"What was the 'Final Solution,' and at what conference was it formally decided?",World History,0,factual,13,dataset_world_history.json
9c93a1b8d5b8,How many American soldiers died in WWII?,World History,0,factual,7,dataset_world_history.json
9dbdd3766d07,"How many defendants were indicted at the Nuremberg Trials, and how many were convicted?",World History,0,factual,14,dataset_world_history.json
9ddb2c8895a4,"In what ways did the military, economic, and political failures of WWI collectively produce the conditions that made the rise of fascism in Germany, Italy, and Japan not only possible but arguably inevitable?",World History,1,analytical,33,dataset_world_history.json
a03f21512b44,"What is the Trinity Test, and why was it historically significant?",World History,0,factual,11,dataset_world_history.json
a0982901fa28,Compare the military contributions of ANZAC forces at Gallipoli with Canadian forces at Vimy Ridge. How did each campaign shape national identity?,World History,1,analytical,22,dataset_world_history.json
a24111501c84,"How did the experiences of neutral nations (Switzerland, Sweden, Ireland, Spain, Portugal) during WWI and WWII reveal the complex economic, political, and moral tensions of maintaining neutrality during total war?",World History,1,analytical,30,dataset_world_history.json
a2d082240e66,"Synthesize the strategic, moral, and political arguments for and against Truman's decision to drop atomic bombs on Hiroshima and Nagasaki, drawing on evidence from the text's primary sources.",World History,1,analytical,28,dataset_world_history.json
a32f8834f2a9,"How did the experiences of Jewish refugees attempting to flee Nazi persecution—through the Kindertransport, the MS St. Louis voyage, and the search for safe havens in Shanghai and elsewhere—illustrate the failures of the international community in the late 1930s?",World History,1,analytical,41,dataset_world_history.json
a35a87ec04a9,How did the armistice of November 1918 differ from Germany's unconditional surrender in May 1945? What were the political consequences of each?,World History,1,analytical,22,dataset_world_history.json
a3cd9a064651,How did the Ottoman Empire's collapse compare with Austria-Hungary's disintegration as contributing factors to WWI?,World History,1,analytical,16,dataset_world_history.json
a461beb0f7b5,"What is the Schlieffen Plan, and what was its strategic logic?",World History,0,factual,11,dataset_world_history.json
a4975b05abc9,"Analyze how the experiences of African soldiers fighting for European colonial powers during WWII, combined with wartime promises of self-determination in the Atlantic Charter, accelerated African decolonization after the war.",World History,1,analytical,31,dataset_world_history.json
a528653a182f,"How did propaganda differ in effectiveness and reach between WWI and WWII? Compare the methods used by Germany, the United States, and Britain.",World History,1,analytical,23,dataset_world_history.json
a5d9f39e0cad,"What is appeasement, and how is the Munich Pact considered the defining example of this policy?",World History,0,factual,16,dataset_world_history.json
a6299ff18052,"Synthesize how the experiences of colonial soldiers from Africa, India, Southeast Asia, and the Pacific in both world wars both reinforced and challenged imperial relationships between colonizers and colonized.",World History,1,analytical,29,dataset_world_history.json
a7d51e138a45,"Analyze how the experiences of Indian soldiers and civilians during WWI and WWII, combined with British wartime promises and broken commitments, shaped the Indian independence movement that culminated in 1947.",World History,1,analytical,30,dataset_world_history.json
a8c7f9d6cb1e,How many soldiers of all nations died in WWI?,World History,0,factual,9,dataset_world_history.json
a9608d6235f5,In what year did Britain extend the right to vote to property-owning women over thirty?,World History,0,factual,16,dataset_world_history.json
a96a2f9260b4,"What is 'trench foot,' and what conditions during WWI caused it?",World History,0,factual,11,dataset_world_history.json
a9cea8e98678,"On what date did Austria-Hungary declare war on Serbia, officially beginning WWI?",World History,0,factual,13,dataset_world_history.json
a9e5ded85b07,"How did the WWI experiences of Canada, Australia, New Zealand, and India simultaneously strengthen imperial bonds and plant the seeds of future independence movements?",World History,1,analytical,24,dataset_world_history.json
a9ee07400c57,Compare Germany's wartime economic management under the four-year plan with the United States' War Industries Board (WWI) and War Production Board (WWII).,World History,1,analytical,23,dataset_world_history.json
a9ff9f7ed246,How long did the U.S. occupation of Japan last after WWII?,World History,0,factual,12,dataset_world_history.json
aa832399509e,On what date did Germany and the Soviet Union sign the German-Soviet Nonaggression Pact?,World History,0,factual,15,dataset_world_history.json
aaf8e2d67f32,"How did the role of Italy differ in WWI versus WWII? Compare its alliances, motivations, and military performance in each conflict.",World History,1,analytical,21,dataset_world_history.json
ab1ccce988b2,What was the name of the German war plan designed to fight a two-front war by first attacking France and then Russia?,World History,0,factual,23,dataset_world_history.json
acbd9f600cc3,How many children did the Kindertransport rescue from Nazi Germany before the war?,World History,0,factual,13,dataset_world_history.json
ada10cbf6ffa,Compare France's defeat and occupation in WWII with its role as a major fighting power in WWI. What accounts for the dramatic difference in resistance capacity?,World History,1,analytical,26,dataset_world_history.json
ada15302fbb4,"What does the term 'total war' mean, and how did WWI exemplify this concept?",World History,0,factual,14,dataset_world_history.json
adab9bed8246,"Synthesize the ways in which WWI's unresolved issues—the 'war guilt' clause, reparations, territorial changes, and thwarted nationalisms—directly produced the political instability that enabled WWII.",World History,1,analytical,26,dataset_world_history.json
added75acd66,How did the British naval blockade of Germany in WWI compare to the American naval campaign against Japan in WWII? What were the effects on civilian populations?,World History,1,analytical,27,dataset_world_history.json
ae8af561975a,"What is the Sedition Act, and how did it differ from the Espionage Act?",World History,0,factual,14,dataset_world_history.json
b016d634c62b,"How did the German policy of collective reprisals against civilian populations in occupied Europe (e.g., the Kragujevac massacre, Night and Fog Decree) interact with partisan resistance movements in a cycle of violence?",World History,1,analytical,33,dataset_world_history.json
b02a1bd50bd1,"What was the 'Night and Fog Decree,' and how did it affect resistance movements in occupied Europe?",World History,0,factual,17,dataset_world_history.json
b167d7450a66,How did the role of the League of Nations after WWI compare to the role of the United Nations established after WWII?,World History,1,analytical,22,dataset_world_history.json
b1d54026002d,"What was the Black Hand organization, and what were its political aims?",World History,0,factual,12,dataset_world_history.json
b2f8cf97bbc2,"In what year did the United States pass the Espionage Act, limiting anti-war speech?",World History,0,factual,15,dataset_world_history.json
b37f33b30795,"What is the Espionage Act, and how did it limit civil liberties in the United States during WWI?",World History,0,factual,18,dataset_world_history.json
b38c0e564b6c,How many women served in some branch of the U.S. military during WWII?,World History,0,factual,14,dataset_world_history.json
b41a81c52e6d,"How did the wartime experiences of Black soldiers, African laborers, and anti-colonial activists in both world wars—combined with Woodrow Wilson's Fourteen Points and the Atlantic Charter's language of self-determination—produce the global wave of decolonization after 1945?",World History,1,analytical,40,dataset_world_history.json
b46acd54b75b,"What is the Indian National Army (INA), and who assembled it during WWII?",World History,0,factual,13,dataset_world_history.json
b5c7f1d413b6,Compare the trench warfare of WWI with the blitzkrieg strategy of WWII. How did each reflect the technology and military doctrine of its era?,World History,1,analytical,24,dataset_world_history.json
b6a9ae9be511,"Compare Germany's military successes in the early stages of both WWI and WWII. Why was Germany initially effective in both conflicts, and what ultimately led to defeat in each?",World History,1,analytical,29,dataset_world_history.json
b79bc275fc45,"How did the postwar reconstruction of Japan under U.S. occupation compare to the reconstruction of Germany under Allied occupation in terms of speed, scope, and long-term outcomes?",World History,1,analytical,29,dataset_world_history.json
b7fff2cec4be,What treaty forced France to pay a large war indemnity and cede Alsace and Lorraine to Prussia after the Franco-Prussian War?,World History,0,factual,22,dataset_world_history.json
b824382ea569,"How did Japan's actions in China (1931–1945) compare to Germany's actions in Poland (1939–1945) in terms of occupation policies, atrocities, and resistance?",World History,1,analytical,24,dataset_world_history.json
b8477a8bb6ec,Compare the naval strategies of Germany in WWI and WWII. How did U-boat warfare evolve between the two conflicts?,World History,1,analytical,20,dataset_world_history.json
b8d9fb274937,How did the propaganda efforts of the United States in WWI (Committee on Public Information) compare to those in WWII in terms of methods and effectiveness?,World History,1,analytical,26,dataset_world_history.json
b94035cc2d18,"Synthesize the relationship between the rise of totalitarianism in the 1920s and 1930s and the breakdown of the Versailles system, explaining how ideology, economic grievance, and strategic opportunism interacted.",World History,1,analytical,29,dataset_world_history.json
badd053e52ce,"Analyze how the combination of forced labor, resource extraction, rationing, and economic disruption in German-occupied Europe illustrated the full weight of total war on civilian populations beyond the battlefield.",World History,1,analytical,30,dataset_world_history.json
bc40a98bc740,"What are the Nuremberg Laws, and how did they define and discriminate against Jewish people in Germany?",World History,0,factual,17,dataset_world_history.json
bd324a0b1155,In what year did Japan attack and capture the German colonial port at Qingdao on the Chinese coast?,World History,0,factual,18,dataset_world_history.json
bf25f38984a8,"What is the Women's Land Army, and what purpose did it serve in Britain during WWI?",World History,0,factual,16,dataset_world_history.json
bf4f167cf9aa,"What is a 'bloc' in international politics, and how did the European blocs form before WWI?",World History,0,factual,16,dataset_world_history.json
bf5baa130c11,"What is the Lend-Lease Act, and how did it allow the U.S. to support Allied nations without formally entering the war?",World History,0,factual,23,dataset_world_history.json
bfab38152634,"How did Lenin's peace campaign ('Peace, Land, Bread') during WWI compare to Gandhi's 'Quit India' movement during WWII as challenges to imperial powers?",World History,1,analytical,23,dataset_world_history.json
c01a29eefaf5,On what date did Japan attack Pearl Harbor?,World History,0,factual,8,dataset_world_history.json
c14484ef5161,Compare the internment of Japanese Americans with the treatment of Jewish people under the Nuremberg Laws. What are the key similarities and differences?,World History,1,analytical,23,dataset_world_history.json
c24a34930fba,"Compare Germany's Schlieffen Plan with France's Plan XVII. What assumptions did each make, and how did each perform in practice?",World History,1,analytical,20,dataset_world_history.json
c2b872911150,"How did the interplay of technological superiority, industrial capacity, ideological motivation, and coalition building determine the ultimate Allied victory in WWII, and which of these factors was most decisive?",World History,1,analytical,29,dataset_world_history.json
c3766c2f9ba5,Compare the moral justifications offered by Germany for aggression in WWI with those offered by Nazi Germany in WWII.,World History,1,analytical,19,dataset_world_history.json
c624f40b65a4,What is the concept of 'crimes against humanity' as it emerged from the Nuremberg and Tokyo trials?,World History,0,factual,17,dataset_world_history.json
c6fd13ecb383,How many British women volunteered for the Women's Land Army during WWI?,World History,0,factual,12,dataset_world_history.json
c88e5f47a9f7,"How did racial ideologies, colonial hierarchies, and the logic of total war interact to shape the treatment of colonial soldiers, prisoners of war, and civilian minorities in both WWI and WWII?",World History,1,analytical,31,dataset_world_history.json
c9683487700c,"Synthesize how the experiences of WWII soldiers, sailors, and airmen from Australia, New Zealand, Canada, South Africa, and India simultaneously reinforced imperial loyalty and accelerated the political processes leading to full independence.",World History,1,analytical,32,dataset_world_history.json
c97560fef3ba,"What is conscription, and which countries used it as their primary method of military recruitment during WWI?",World History,0,factual,17,dataset_world_history.json
c9ac28e4097b,On what date was Archduke Franz Ferdinand assassinated in Sarajevo?,World History,0,factual,10,dataset_world_history.json
cae9e7e42311,Compare the leadership styles and war aims of Woodrow Wilson (WWI) and Franklin D. Roosevelt (WWII) in bringing the United States into global conflict.,World History,1,analytical,24,dataset_world_history.json
cb10e1bab548,How did the war's effect on women's suffrage differ between WWI (leading to votes for women in 1918–1920) and WWII? Did the second war advance or retard women's political rights?,World History,1,analytical,31,dataset_world_history.json
cb3120de39d7,How many years was Eugene V. Debs sentenced to prison for his anti-war comments?,World History,0,factual,15,dataset_world_history.json
cbe894236442,"What were 'comfort women,' and what countries' women were most victimized by Japan's system?",World History,0,factual,14,dataset_world_history.json
cc942c0b5a0c,"Synthesize how the decisions made at the Tehran, Yalta, and Potsdam conferences collectively laid the foundations for both the Cold War division of Europe and the postwar international order.",World History,1,analytical,29,dataset_world_history.json
cd97c10b1675,"How did the failure of the League of Nations—due to U.S. non-participation, the absence of enforcement mechanisms, and the rise of aggressive revisionist states—offer lessons that directly shaped the design of the United Nations?",World History,1,analytical,38,dataset_world_history.json
ce68d54cbe8e,"How did Japan's perception of Western racism, the rejection of its racial equality amendment at Versailles, and its desire for natural resources interact to produce the expansionist ideology behind the Greater East Asia Co-Prosperity Sphere?",World History,1,analytical,36,dataset_world_history.json
d01acf08c125,Compare the roles of chemical weapons in WWI with the role of nuclear weapons in ending WWII. How did each weapon transform warfare and international law?,World History,1,analytical,26,dataset_world_history.json
d1fa0cd68778,"How did the British policy of appeasement, the Munich Pact, and the subsequent occupation of Czechoslovakia collectively undermine international order and embolden Hitler to launch WWII?",World History,1,analytical,26,dataset_world_history.json
d2217541149f,"Compare the role of Australia and New Zealand in WWI (Gallipoli, Western Front) with their roles in WWII (Pacific Theater).",World History,1,analytical,20,dataset_world_history.json
d247c977adb4,"How did the interplay of military setbacks, food shortages, civilian unrest, and political radicalism produce revolutionary change in Russia during WWI and contribute to Germany's collapse in 1918?",World History,1,analytical,28,dataset_world_history.json
d2518d6638b2,"Synthesize the role of propaganda, censorship, and public opinion in shaping—and distorting—civilian understanding of WWI in Germany, Britain, and the United States.",World History,1,analytical,24,dataset_world_history.json
d27eb289969e,How did the experiences of colonial peoples during WWI compare to those during WWII? Did either war hasten decolonization?,World History,1,analytical,19,dataset_world_history.json
d2b152c76575,"How did the pan-Slavic movement, Austrian imperial ambitions, and Ottoman collapse interact with great-power politics to make the Balkans the most explosive region in pre-WWI Europe?",World History,1,analytical,29,dataset_world_history.json
d3cd4fe45b8f,"What was the Greater East Asia Co-Prosperity Sphere, and what did Japan claim it represented?",World History,0,factual,16,dataset_world_history.json
d4181219a0ab,"Synthesize the military, diplomatic, and psychological consequences of Germany's 'blank check' to Austria-Hungary in July 1914 for the subsequent escalation of a regional crisis into a world war.",World History,1,analytical,29,dataset_world_history.json
d41fbc78e6a9,"What is an armistice, and how did it differ from a formal surrender at the end of WWI?",World History,0,factual,18,dataset_world_history.json
d4400eb4ceea,"Synthesize the moral, strategic, and geopolitical arguments surrounding Truman's decision to drop atomic bombs on Japan, incorporating the perspectives of scientists, military planners, and the Japanese population.",World History,1,analytical,27,dataset_world_history.json
d49a75b397a8,"In what year was the Wannsee Conference held, at which the Final Solution was decided?",World History,0,factual,15,dataset_world_history.json
d5b81384ca4d,How did colonial troops' roles differ between WWI and WWII? Compare the experiences of African and Asian soldiers in both conflicts.,World History,1,analytical,21,dataset_world_history.json
d5f5b3af4af0,Compare the strategic roles of the United States in WWI and WWII. How did late entry affect the war's outcome in each case?,World History,1,analytical,23,dataset_world_history.json
d8275367ca11,"What is the February Revolution (1917), and what triggered it?",World History,0,factual,10,dataset_world_history.json
d8bec843fa49,"What was the Phony War, and why did very little combat occur during this period?",World History,0,factual,15,dataset_world_history.json
d932c06f755c,What was the name of the new Russian national legislature created after the 1905 Revolution?,World History,0,factual,15,dataset_world_history.json
d9a8e95fee2f,"Synthesize the military, logistical, and political factors that determined the success of D-Day (June 6, 1944), drawing on the planning process, the deception campaign, and the coordination of Allied forces.",World History,1,analytical,31,dataset_world_history.json
da276ac52fe9,"How did the intersection of Japan's National Eugenics Law, its comfort women system, and its rewards for motherhood reveal the fundamentally contradictory nature of the Japanese state's policies toward women during WWII?",World History,1,analytical,32,dataset_world_history.json
dade2104caf6,"How did the combination of geographical isolation, economic self-interest, political isolationism, and moral outrage shape the U.S. public's gradual shift from neutrality to belligerence in both world wars?",World History,1,analytical,30,dataset_world_history.json
dbac9b28b0e0,How many rounds per minute could the Maxim-designed machine guns of World War I fire?,World History,0,factual,16,dataset_world_history.json
dc87b4203493,How did the experiences of soldiers in the trenches of France differ from those fighting in the mountains of the Alps or the deserts of the Middle East during WWI?,World History,1,analytical,30,dataset_world_history.json
def401559988,"What were the Bolsheviks, and what distinguished them from other Russian socialist factions?",World History,0,factual,13,dataset_world_history.json
e019fb527c61,On what date did Hitler commit suicide?,World History,0,factual,7,dataset_world_history.json
e01c0f465e03,Compare Japan's motivations for expansion in Asia with Germany's motivations for expansion in Europe during the 1930s and 1940s.,World History,1,analytical,19,dataset_world_history.json
e01e4d369a02,"How many people perished in Leningrad during the siege, overall?",World History,0,factual,10,dataset_world_history.json
e06f4a49fb92,How did the experience of Jewish communities in WWI-era Europe compare to their experience under Nazism in the 1930s and WWII?,World History,1,analytical,22,dataset_world_history.json
e2c466e2acf8,How did the collapse of the Ottoman Empire after WWI compare to Japan's postwar reconstruction under American occupation? What were the different outcomes?,World History,1,analytical,23,dataset_world_history.json
e358a1f47b3a,"How did the Manhattan Project bring together refugee scientists from Nazi Europe, U.S. industrial capacity, and government secrecy to produce the atomic bomb, and what moral dilemmas did this creation pose?",World History,1,analytical,32,dataset_world_history.json
e45b5a494d39,In what year did Japan detonate explosives along the South Manchuria Railway to justify invading Manchuria?,World History,0,factual,16,dataset_world_history.json
e46400fea1ba,"On what date did Germany invade Poland, triggering WWII?",World History,0,factual,9,dataset_world_history.json
e65d78f235a1,"What was the size of the German force (troops, tanks, aircraft) committed to the Battle of the Bulge?",World History,0,factual,18,dataset_world_history.json
e673e14d4adb,How many French people and Belgians had left their homes by the end of 1914 due to the war?,World History,0,factual,19,dataset_world_history.json
e6af633dab6d,How many Allied troops were evacuated during the Dunkirk evacuation in June 1940?,World History,0,factual,13,dataset_world_history.json
e6d2f486a374,"What was the Mukden Incident, and why did Japan use it as a pretext for invading Manchuria?",World History,0,factual,17,dataset_world_history.json
e769908db147,"What was the Atlantic Squadron, and why did the United States create it in 1939?",World History,0,factual,15,dataset_world_history.json
e7e135c63c3f,How did the post-WWII Nuremberg and Tokyo trials pioneer new concepts in international law—including crimes against humanity and command responsibility—that transformed global governance in subsequent decades?,World History,1,analytical,29,dataset_world_history.json
e8191dcc73b0,Compare the Sykes-Picot Agreement (WWI) with the Atlantic Charter (WWII) as frameworks for determining the postwar international order.,World History,1,analytical,19,dataset_world_history.json
e83fc48fb032,"How did the intersection of indigenous nationalism, Japanese occupation, and colonial rule in India, Vietnam, Burma, and the Philippines during WWII create new political movements that would reshape Asia after 1945?",World History,1,analytical,31,dataset_world_history.json
e875365bef39,Compare the Holocaust's implementation in Poland with the genocide of Armenians during WWI. What similarities and differences exist in methods and scale?,World History,1,analytical,22,dataset_world_history.json
e8bca3a3cd71,"What is Kristallnacht, and what were its immediate consequences for Jewish people in Germany?",World History,0,factual,14,dataset_world_history.json
e94d878257a4,How did post-WWI Germany's economic suffering under the Versailles reparations compare to post-WWII Germany's recovery under Allied occupation?,World History,1,analytical,20,dataset_world_history.json
e9ef0c0fe80f,How did air warfare in the Battle of Britain compare to the Allied strategic bombing of Germany? What were the goals and results of each campaign?,World History,1,analytical,26,dataset_world_history.json
eaa26cd87c06,"What was the name of the truce signed between China and Japan on May 22, 1933, creating a demilitarized zone?",World History,0,factual,20,dataset_world_history.json
eaa93e1910de,Synthesize the ways in which WWI and WWII together transformed the nature of diplomacy—from secret bilateral agreements like Sykes-Picot to multilateral frameworks like the United Nations—reflecting a fundamental shift in how nations sought to manage conflict.,World History,1,analytical,39,dataset_world_history.json
eaed4b02b4e0,What was the total number of casualties from both sides combined at the Battle of the Somme?,World History,0,factual,17,dataset_world_history.json
eb96afa58d25,How did Hitler's appeasement at Munich in 1938 compare with Japan's diplomatic dealings with the West before Pearl Harbor?,World History,1,analytical,19,dataset_world_history.json
ebf6869b1c4f,How many British 'pals' units were devastated at the Battle of the Somme in 1916?,World History,0,factual,15,dataset_world_history.json
ee0a2ebe47d2,How many bombing runs did the Soviet Night Witches women's air unit conduct during WWII?,World History,0,factual,15,dataset_world_history.json
ee26df4a9d5a,"What is the Petrograd Soviet, and what groups did it represent?",World History,0,factual,11,dataset_world_history.json
eee936b7771d,Compare Germany's 'war guilt' under the Treaty of Versailles with Japan's reckoning under the Tokyo War Crimes Trials.,World History,1,analytical,18,dataset_world_history.json
efc06638b6b0,"What was the Balkan League, and who were its founding members?",World History,0,factual,11,dataset_world_history.json
f0085c1ce611,Compare the Irish Easter Rising (1916) with Indian resistance to British rule during WWII. How did each challenge colonial authority during wartime?,World History,1,analytical,22,dataset_world_history.json
f014f449f4da,"Synthesize the roles of geography, logistics, technology, and political leadership in determining why Germany ultimately lost both WWI and WWII despite early military successes.",World History,1,analytical,24,dataset_world_history.json
f0ef96bc8872,Compare the Bolshevik Revolution in Russia (1917) with the rise of fascism in Italy and Germany in the 1920s and 1930s. How did each fill the power vacuum left by WWI?,World History,1,analytical,31,dataset_world_history.json
f174ea9943ad,"What is the Zimmermann Telegram, and what was Germany's offer to Mexico?",World History,0,factual,12,dataset_world_history.json
f1c3507ff8bf,"Analyze how religion, ethnicity, nationalism, and imperial competition in the Balkans between 1908 and 1914 transformed a regional conflict into a global catastrophe.",World History,1,analytical,23,dataset_world_history.json
f2563ac4cad1,"How many troops did Germany assemble for Operation Barbarossa, the invasion of the Soviet Union?",World History,0,factual,15,dataset_world_history.json
f26e9d096a90,"Analyze how the combination of German U-boat warfare, the sinking of the Lusitania, the Sussex Pledge, and the Zimmermann Telegram created an irresistible political pressure for U.S. entry into WWI.",World History,1,analytical,32,dataset_world_history.json
f3bc1ee11c4c,How many Soviet women served in frontline combat positions during WWII?,World History,0,factual,11,dataset_world_history.json
f4a170c92e7d,"What is the Triple Entente, and what were its origins?",World History,0,factual,10,dataset_world_history.json
f5778aaf9327,"How many people were sent to Auschwitz-Birkenau, and how many of them died there?",World History,0,factual,15,dataset_world_history.json
f6823f324bbb,"How did the Battle of Stalingrad compare to the Battle of Midway as turning points in the European and Pacific theaters, respectively?",World History,1,analytical,22,dataset_world_history.json
f75928c39bb5,"How did the failure of the League of Nations, the Great Depression, the rise of fascism, and the policy of appeasement interact to make another world war nearly unavoidable by the late 1930s?",World History,1,analytical,33,dataset_world_history.json
f901a13b48d5,"What are U-boats, and what role did they play in Germany's WWI naval strategy?",World History,0,factual,15,dataset_world_history.json
f92f44f7731c,"How did the interlocking alliance systems, imperial rivalries, arms races, and nationalist movements collectively create the conditions that made a single assassination capable of triggering a world war in 1914?",World History,1,analytical,30,dataset_world_history.json
f9b92e998f83,What was the name of the German submarine that torpedoed the RMS Lusitania in 1915?,World History,0,factual,15,dataset_world_history.json
fa062c5a1182,"What was the Bataan Death March, and what conditions made it so deadly?",World History,0,factual,13,dataset_world_history.json
faa4a4f7eefd,"What was the length, in miles, of the trench system at its greatest extent on the Western Front?",World History,0,factual,18,dataset_world_history.json
fb3a267a72f7,Compare the Treaty of Versailles (1919) with the postwar settlements reached at Yalta and Potsdam. How did each approach shape the subsequent peace?,World History,1,analytical,23,dataset_world_history.json
fc843ea73fac,Compare civilian resistance in occupied France during WWII with civilian opposition to the war in Germany and Britain during WWI.,World History,1,analytical,20,dataset_world_history.json
fd55390fa7b9,"What was the Atlantic Charter, and what principles did it articulate for the postwar world?",World History,0,factual,15,dataset_world_history.json
fe9a01f4f9d0,How many people died when Chiang Kai-shek ordered the opening of the Yellow River dikes?,World History,0,factual,16,dataset_world_history.json
